1,https://google.com
2,https://microsoft.com
3,https://facebook.com
4,https://googleapis.com
5,https://apple.com
6,https://twitter.com
7,https://azure.com
8,https://instagram.com
9,https://cloudflare.com
10,https://gstatic.com
11,https://office.com
12,https://googlevideo.com
13,https://linkedin.com
14,https://live.com
15,https://fbcdn.net
16,https://amazon.com
17,https://wikipedia.org
18,https://googleusercontent.com
19,https://fastly.net
20,https://bing.com
21,https://netflix.com
22,https://wordpress.org
23,https://youtu.be
24,https://github.com
25,https://yahoo.com
26,https://digicert.com
27,https://pinterest.com
28,https://tiktokv.com
29,https://mail.ru
30,https://whatsapp.net
31,https://sharepoint.com
32,https://adobe.com
33,https://windows.net
34,https://goo.gl
35,https://spotify.com
36,https://vimeo.com
37,https://yandex.net
38,https://zoom.us
39,https://skype.com
40,https://gandi.net
41,https://bit.ly
42,https://msn.com
43,https://wordpress.com
44,https://cloudflare.net
45,https://whatsapp.com
46,https://ntp.org
47,https://office365.com
48,https://blogspot.com
49,https://mozilla.org
50,https://trbcdn.net
51,https://reddit.com
52,https://roblox.com
53,https://tiktok.com
54,https://googledomains.com
55,https://cloudflare-dns.com
56,https://opera.com
57,https://unity3d.com
58,https://intuit.com
59,https://yandex.ru
60,https://snapchat.com
61,https://europa.eu
62,https://t-mobile.com
63,https://dropbox.com
64,https://ui.com
65,https://pki.goog
66,https://outlook.com
67,https://nih.gov
68,https://tumblr.com
69,https://samsung.com
70,https://gravatar.com
71,https://github.io
72,https://sentry.io
73,https://nytimes.com
74,https://windows.com
75,https://ring.com
76,https://flickr.com
77,https://dns.google
78,https://archive.org
79,https://vk.com
80,https://epicgames.com
81,https://forms.gle
82,https://apache.org
83,https://paypal.com
84,https://medium.com
85,https://applovin.com
86,https://forbes.com
87,https://app-analytics-services.com
88,https://soundcloud.com
89,https://meraki.com
90,https://t.co
91,https://cnn.com
92,https://gmail.com
93,https://amazonvideo.com
94,https://w3.org
95,https://ebay.com
96,https://theguardian.com
97,https://android.com
98,https://tds.net
99,https://adobe.io
100,https://elisa.fi
101,https://slack.com
102,https://salesforce.com
103,https://sciencedirect.com
104,https://example.com
105,https://bbc.co.uk
106,https://nginx.org
107,https://userapi.com
108,https://creativecommons.org
109,https://mzstatic.com
110,https://bbc.com
111,https://nginx.com
112,https://googleblog.com
113,https://att.com
114,https://sourceforge.net
115,https://smartadserver.com
116,https://twitch.tv
117,https://ampproject.org
118,https://imdb.com
119,https://mit.edu
120,https://salesforceliveagent.com
121,https://shopify.com
122,https://ubuntu.com
123,https://who.int
124,https://b-cdn.net
125,https://telecid.ru
126,https://discord.com
127,https://hp.com
128,https://researchgate.net
129,https://dailymotion.com
130,https://appsflyer.com
131,https://youtube-nocookie.com
132,https://hubspot.com
133,https://wikimedia.org
134,https://issuu.com
135,https://booking.com
136,https://tinyurl.com
137,https://launchdarkly.com
138,https://comfortel.pro
139,https://doi.org
140,https://ibm.com
141,https://roku.com
142,https://cdc.gov
143,https://canva.com
144,https://weebly.com
145,https://amazon.co.uk
146,https://oracle.com
147,https://harvard.edu
148,https://washingtonpost.com
149,https://reuters.com
150,https://dnsmadeeasy.com
151,https://linktr.ee
152,https://slideshare.net
153,https://arubanetworks.com
154,https://weibo.com
155,https://att.net
156,https://avast.com
157,https://mcafee.com
158,https://dailymail.co.uk
159,https://www.gov.uk
160,https://wp.com
161,https://go.com
162,https://stripe.com
163,https://wiley.com
164,https://netangels.ru
165,https://walmart.com
166,https://steampowered.com
167,https://wildberries.ru
168,https://bloomberg.com
169,https://x.com
170,https://espn.com
171,https://appcenter.ms
172,https://force.com
173,https://wsj.com
174,https://google.com.br
175,https://nature.com
176,https://etsy.com
177,https://php.net
178,https://godaddy.com
179,https://weather.com
180,https://eset.com
181,https://businessinsider.com
182,https://discord.gg
183,https://1c.ru
184,https://sapo.pt
185,https://tradingview.com
186,https://openai.com
187,https://grammarly.com
188,https://google.de
189,https://branch.io
190,https://springer.com
191,https://indeed.com
192,https://quora.com
193,https://mi.com
194,https://mozilla.com
195,https://list-manage.com
196,https://unsplash.com
197,https://nasa.gov
198,https://stanford.edu
199,https://ea.com
200,https://trendmicro.com
201,https://google.co.uk
202,https://viber.com
203,https://cnbc.com
204,https://checkpoint.com
205,https://inmobi.com
206,https://gnu.org
207,https://stackoverflow.com
208,https://ozon.ru
209,https://eventbrite.com
210,https://tripadvisor.com
211,https://forter.com
212,https://cpanel.net
213,https://warnerbros.com
214,https://teamviewer.com
215,https://autodesk.com
216,https://foxnews.com
217,https://globo.com
218,https://giphy.com
219,https://myshopify.com
220,https://tp-link.com
221,https://aliexpress.com
222,https://g.page
223,https://shalltry.com
224,https://goodreads.com
225,https://statista.com
226,https://telekom.de
227,https://digitalocean.com
228,https://time.com
229,https://yahoo.co.jp
230,https://pages.dev
231,https://amazon.de
232,https://sophos.com
233,https://wix.com
234,https://independent.co.uk
235,https://verisign.com
236,https://naver.com
237,https://telegraph.co.uk
238,https://usatoday.com
239,https://hostgator.com
240,https://surveymonkey.com
241,https://addtoany.com
242,https://pixabay.com
243,https://expedia.com
244,https://blogger.com
245,https://ngenix.net
246,https://gamepass.com
247,https://nvidia.com
248,https://ft.com
249,https://wired.com
250,https://speedtest.net
251,https://entrust.net
252,https://zendesk.com
253,https://scribd.com
254,https://amazon.co.jp
255,https://ok.ru
256,https://uber.com
257,https://aol.com
258,https://trustpilot.com
259,https://behance.net
260,https://pandora.com
261,https://mikrotik.com
262,https://debian.org
263,https://ted.com
264,https://ups.com
265,https://bitrix24.ru
266,https://duolingo.com
267,https://accuweather.com
268,https://google.com.hk
269,https://timeweb.ru
270,https://disqus.com
271,https://indiatimes.com
272,https://fb.com
273,https://t-online.de
274,https://rambler.ru
275,https://launchpad.net
276,https://intel.com
277,https://braze.com
278,https://imgur.com
279,https://amazontrust.com
280,https://dzen.ru
281,https://google.ca
282,https://squarespace.com
283,https://avira.com
284,https://google.co.jp
285,https://mysql.com
286,https://deviantart.com
287,https://nypost.com
288,https://google.fr
289,https://mailchimp.com
290,https://rakuten.co.jp
291,https://buzzfeed.com
292,https://okta.com
293,https://mega.co.nz
294,https://onetrust.com
295,https://webmd.com
296,https://calendly.com
297,https://xboxlive.com
298,https://duckduckgo.com
299,https://line.me
300,https://ca.gov
301,https://ivi.ru
302,https://fbsbx.com
303,https://berkeley.edu
304,https://optimizely.com
305,https://fast.com
306,https://atlassian.com
307,https://imgsmail.ru
308,https://playstation.com
309,https://loc.gov
310,https://paloaltonetworks.com
311,https://mts.ru
312,https://datadoghq.com
313,https://icloud-content.com
314,https://marriott.com
315,https://jquery.com
316,https://ezvizlife.com
317,https://cbsnews.com
318,https://steamcommunity.com
319,https://xhamster.com
320,https://visualstudio.com
321,https://oup.com
322,https://patreon.com
323,https://tandfonline.com
324,https://livejournal.com
325,https://shutterstock.com
326,https://google.es
327,https://xvideos.com
328,https://herokuapp.com
329,https://yelp.com
330,https://free.fr
331,https://yandex.com
332,https://uol.com.br
333,https://bluehost.com
334,https://techcrunch.com
335,https://ietf.org
336,https://myspace.com
337,https://google.it
338,https://noaa.gov
339,https://virtualearth.net
340,https://nike.com
341,https://merriam-webster.com
342,https://newrelic.com
343,https://cookielaw.org
344,https://amplitude.com
345,https://upwitheaway.info
346,https://livechatinc.com
347,https://newsweek.com
348,https://theverge.com
349,https://qualtrics.com
350,https://google.co.in
351,https://wattpad.com
352,https://ikea.com
353,https://rt.ru
354,https://latimes.com
355,https://kaspi.kz
356,https://irs.gov
357,https://adobe.net
358,https://fontawesome.com
359,https://pinimg.com
360,https://britannica.com
361,https://1drv.com
362,https://bugsnag.com
363,https://prnewswire.com
364,https://schwab.com
365,https://life360.com
366,https://intercom.io
367,https://fandom.com
368,https://addthis.com
369,https://target.com
370,https://appspot.com
371,https://klaviyo.com
372,https://elpais.com
373,https://huffingtonpost.com
374,https://sagepub.com
375,https://washington.edu
376,https://rspamd.com
377,https://w3schools.com
378,https://nbcnews.com
379,https://rackspace.com
380,https://name.com
381,https://temu.com
382,https://bestbuy.com
383,https://riotgames.com
384,https://amazon.fr
385,https://jotform.com
386,https://hostgator.com.br
387,https://coinmarketcap.com
388,https://mediafire.com
389,https://investopedia.com
390,https://hugedomains.com
391,https://docker.com
392,https://binance.com
393,https://xiaomi.net
394,https://fda.gov
395,https://gumgum.com
396,https://theatlantic.com
397,https://udemy.com
398,https://service.gov.uk
399,https://cloudflareclient.com
400,https://allaboutcookies.org
401,https://cambridge.org
402,https://themeforest.net
403,https://erome.com
404,https://box.com
405,https://amazon.ca
406,https://hbr.org
407,https://maricopa.gov
408,https://shein.com
409,https://nationalgeographic.com
410,https://cloudns.net
411,https://homedepot.com
412,https://networkadvertising.org
413,https://blueapron.com
414,https://bandcamp.com
415,https://lemonde.fr
416,https://lenovo.com
417,https://primevideo.com
418,https://dreamhost.com
419,https://cookiedatabase.org
420,https://finn.no
421,https://usda.gov
422,https://amazon.in
423,https://people.com
424,https://notion.so
425,https://upwork.com
426,https://bitdefender.com
427,https://nest.com
428,https://fiverr.com
429,https://mailchi.mp
430,https://pornhub.com
431,https://mixpanel.com
432,https://google.pl
433,https://chaturbate.com
434,https://google.com.mx
435,https://shopee.co.id
436,https://zillow.com
437,https://sitescout.com
438,https://kickstarter.com
439,https://markmonitor.com
440,https://bigo.sg
441,https://canonical.com
442,https://brave.com
443,https://google.cn
444,https://yimg.com
445,https://pvp.net
446,https://amazon.es
447,https://huffpost.com
448,https://onlinepbx.ru
449,https://pluto.tv
450,https://clever.com
451,https://xnxx.com
452,https://typeform.com
453,https://healthline.com
454,https://disneyplus.com
455,https://netgear.com
456,https://news.com.au
457,https://pendo.io
458,https://google.com.tr
459,https://iso.org
460,https://discordapp.com
461,https://academia.edu
462,https://redislabs.com
463,https://bootstrapcdn.com
464,https://redhat.com
465,https://supercell.com
466,https://gitlab.com
467,https://ebay.co.uk
468,https://epa.gov
469,https://pbs.org
470,https://zoho.com
471,https://bild.de
472,https://business.site
473,https://onlyfans.com
474,https://lefigaro.fr
475,https://rapid7.com
476,https://change.org
477,https://amazon.it
478,https://ameblo.jp
479,https://shopee.com.br
480,https://avito.ru
481,https://service-now.com
482,https://hm.com
483,https://intentiq.com
484,https://columbia.edu
485,https://heylink.me
486,https://whitehouse.gov
487,https://otto.de
488,https://seznam.cz
489,https://istockphoto.com
490,https://spamhaus.org
491,https://fedex.com
492,https://anydesk.com
493,https://online.net
494,https://allegro.pl
495,https://worldbank.org
496,https://fb.me
497,https://dnsv1.com
498,https://ndtv.com
499,https://ertelecom.ru
500,https://plesk.com
501,https://instructure.com
502,https://xfinity.com
503,https://facebook-hardware.com
504,https://mongodb.com
505,https://unpkg.com
506,https://arcgis.com
507,https://statcounter.com
508,https://state.gov
509,https://genius.com
510,https://daum.net
511,https://hindustantimes.com
512,https://quickconnect.to
513,https://churnzero.net
514,https://nic.do
515,https://kohls.com
516,https://pusher.com
517,https://umich.edu
518,https://globalsign.com
519,https://xerox.com
520,https://swrve.com
521,https://tokopedia.com
522,https://firefox.com
523,https://atlassian.net
524,https://coingecko.com
525,https://biblegateway.com
526,https://immunet.com
527,https://cdnvideo.ru
528,https://airbnb.com
529,https://ya.ru
530,https://vivoglobal.com
531,https://wikihow.com
532,https://lowes.com
533,https://discogs.com
534,https://realtor.com
535,https://badoo.com
536,https://segment.io
537,https://repubblica.it
538,https://hilton.com
539,https://apple.news
540,https://deloitte.com
541,https://economist.com
542,https://onet.pl
543,https://amazon.com.br
544,https://adroll.com
545,https://wp.pl
546,https://synology.com
547,https://usnews.com
548,https://pccc.com
549,https://redd.it
550,https://sharethis.com
551,https://hotmail.com
552,https://vkontakte.ru
553,https://datto.com
554,https://ebay.de
555,https://arxiv.org
556,https://perfectdomain.com
557,https://mdpi.com
558,https://jimdo.com
559,https://smartthings.com
560,https://corriere.it
561,https://notamedia.ru
562,https://va.gov
563,https://adgrx.com
564,https://keenetic.pro
565,https://character.ai
566,https://skroutz.gr
567,https://hulu.com
568,https://redfin.com
569,https://quizlet.com
570,https://ancestry.com
571,https://2gis.com
572,https://ip-api.com
573,https://pexels.com
574,https://akismet.com
575,https://businesswire.com
576,https://weforum.org
577,https://agoda.com
578,https://onesignal.com
579,https://creditkarma.com
580,https://chegg.com
581,https://cbc.ca
582,https://apnews.com
583,https://utorrent.com
584,https://splashtop.com
585,https://telekom.net
586,https://bol.com
587,https://me.com
588,https://mlb.com
589,https://ubnt.com
590,https://theconversation.com
591,https://pikabu.ru
592,https://mercadolibre.com.ar
593,https://openstreetmap.org
594,https://mercadolivre.com.br
595,https://macys.com
596,https://chess.com
597,https://caixa.gov.br
598,https://pixiv.net
599,https://flipkart.com
600,https://eporner.com
601,https://asos.com
602,https://psychologytoday.com
603,https://youronlinechoices.com
604,https://www.gov.br
605,https://costco.com
606,https://francetvinfo.fr
607,https://eepurl.com
608,https://interia.pl
609,https://split.io
610,https://spankbang.com
611,https://cdek.ru
612,https://chartbeat.com
613,https://crpt.ru
614,https://fortune.com
615,https://gcdn.co
616,https://ecosia.org
617,https://appier.net
618,https://trendyol.com
619,https://agora.io
620,https://dribbble.com
621,https://discord.media
622,https://stbid.ru
623,https://yale.edu
624,https://idnes.cz
625,https://psu.edu
626,https://poki.com
627,https://ubi.com
628,https://nikkei.com
629,https://marca.com
630,https://mobile.de
631,https://dns-shop.ru
632,https://xing.com
633,https://moneycontrol.com
634,https://bitdefender.net
635,https://quizizz.com
636,https://lwsdns.com
637,https://olx.com.br
638,https://abc.net.au
639,https://samsungelectronics.com
640,https://nubank.com.br
641,https://ovh.net
642,https://constantcontact.com
643,https://goo.ne.jp
644,https://cloudinary.com
645,https://nexusmods.com
646,https://plos.org
647,https://surfshark.com
648,https://gofundme.com
649,https://ign.com
650,https://onetag-sys.com
651,https://amazon.com.mx
652,https://infobae.com
653,https://ilovepdf.com
654,https://as.com
655,https://ucla.edu
656,https://terra.com.br
657,https://gsmarena.com
658,https://tinkoff.ru
659,https://goal.com
660,https://tplinkcloud.com
661,https://ox.ac.uk
662,https://newyorker.com
663,https://datadome.co
664,https://google.ru
665,https://sportskeeda.com
666,https://n-tv.de
667,https://skyhigh.cloud
668,https://livedoor.jp
669,https://wyzecam.com
670,https://reverso.net
671,https://marketwatch.com
672,https://clarin.com
673,https://biomedcentral.com
674,https://vice.com
675,https://readthedocs.io
676,https://onedrive.com
677,https://getpocket.com
678,https://code.org
679,https://ipify.org
680,https://letterboxd.com
681,https://linode.com
682,https://dyndns.org
683,https://curseforge.com
684,https://nba.com
685,https://apa.org
686,https://aparat.com
687,https://quillbot.com
688,https://statuspage.io
689,https://kleinanzeigen.de
690,https://vivo.com
691,https://wordreference.com
692,https://coupang.com
693,https://dafont.com
694,https://docomo.ne.jp
695,https://cspserver.net
696,https://olx.pl
697,https://lanacion.com.ar
698,https://betano.com
699,https://ad.nl
700,https://20minutos.es
701,https://gismeteo.ru
702,https://telegraaf.nl
703,https://norton.com
704,https://leboncoin.fr
705,https://udn.com
706,https://nu.nl
707,https://bmj.com
708,https://upenn.edu
709,https://wshareit.com
710,https://frontiersin.org
711,https://uci.edu
712,https://archiveofourown.org
713,https://sendgrid.net
714,https://abovedomains.com
715,https://umn.edu
716,https://beget.com
717,https://dmm.co.jp
718,https://sciencedaily.com
719,https://about.com
720,https://uchi.ru
721,https://vg.no
722,https://livescore.com
723,https://asu.edu
724,https://flashscore.com
725,https://jstor.org
726,https://vnexpress.net
727,https://hln.be
728,https://pornpics.com
729,https://cam.ac.uk
730,https://jw.org
731,https://auvik.com
732,https://ynet.co.il
733,https://espncricinfo.com
734,https://substack.com
735,https://dynatrace.com
736,https://mercadolibre.com.mx
737,https://blooket.com
738,https://nhentai.net
739,https://rightmove.co.uk
740,https://tabelog.com
741,https://mashable.com
742,https://youporn.com
743,https://sahibinden.com
744,https://rule34.xxx
745,https://cricbuzz.com
746,https://remove.bg
747,https://infoseek.co.jp
748,https://fb.watch
749,https://faphouse.com
750,https://xhamster.desi
751,https://acesso.gov.br
752,https://n-able.com
753,https://varzesh3.com
754,https://boyfriendtv.com
755,https://tribunnews.com
756,https://cookpad.com
757,https://fetlife.com
758,https://digitaloceanspaces.com
759,https://amocrm.ru
760,https://hitomi.la
761,https://magazineluiza.com.br
762,https://typepad.com
763,https://terabox.app
764,https://python.org
765,https://jiocinema.com
766,https://redtube.com
767,https://marktplaats.nl
768,https://bet365.com
769,https://google.com.au
770,https://ixbt.com
771,https://rule34video.com
772,https://missav.com
773,https://zdnet.com
774,https://coursera.org
775,https://indiamart.com
776,https://lc.chat
777,https://digikala.com
778,https://studocu.com
779,https://trello.com
780,https://4chan.org
781,https://fanfiction.net
782,https://xhamster42.desi
783,https://wisc.edu
784,https://craigslist.org
785,https://livedoor.com
786,https://idealista.com
787,https://cox.net
788,https://furaffinity.net
789,https://tgju.org
790,https://merkur.de
791,https://samsungknox.com
792,https://mundodeportivo.com
793,https://getbootstrap.com
794,https://dhl.com
795,https://sex.com
796,https://coolmathgames.com
797,https://plex.tv
798,https://milliyet.com.tr
799,https://algolia.net
800,https://tvn24.pl
801,https://tabor.ru
802,https://ebay.it
803,https://myntra.com
804,https://kundelik.kz
805,https://trustarc.com
806,https://hinet.net
807,https://betnacional.com
808,https://byjus.com
809,https://makemytrip.com
810,https://kemono.su
811,https://index.hr
812,https://cloud.com
813,https://ladepeche.fr
814,https://hltv.org
815,https://coomer.su
816,https://oecd.org
817,https://mbga.jp
818,https://autotrader.co.uk
819,https://ntppool.org
820,https://dagbladet.no
821,https://wpengine.com
822,https://namu.wiki
823,https://subito.it
824,https://dlsite.com
825,https://dantri.com.vn
826,https://hotpepper.jp
827,https://sciencemag.org
828,https://bilibili.tv
829,https://dan.com
830,https://fastcompany.com
831,https://pewresearch.org
832,https://tsn.ua
833,https://donmai.us
834,https://youjizz.com
835,https://nintendo.com
836,https://noodlemagazine.com
837,https://starfall.com
838,https://actu.fr
839,https://identrust.com
840,https://unifi-ai.com
841,https://funpay.com
842,https://medicalnewstoday.com
843,https://futbin.com
844,https://zalando.de
845,https://aternos.org
846,https://thisvid.com
847,https://jusbrasil.com.br
848,https://mat6tube.com
849,https://jut.su
850,https://cdiscount.com
851,https://dw.com
852,https://imhentai.xxx
853,https://24h.com.vn
854,https://sanook.com
855,https://aznude.com
856,https://nikkansports.com
857,https://fmkorea.com
858,https://amazon.eg
859,https://cardgames.io
860,https://yts.mx
861,https://xhamster2.com
862,https://aniwave.to
863,https://ficbook.net
864,https://iporntv.net
865,https://granbluefantasy.jp
866,https://e-hentai.org
867,https://litnet.com
868,https://nairaland.com
869,https://sxyprn.com
870,https://auone.jp
871,https://superporn.com
872,https://kompoz2.com
873,https://ixxx.com
874,https://metropoles.com
875,https://cronista.com
876,https://jable.tv
877,https://emag.ro
878,https://hqporner.com
879,https://sexvid.xxx
880,https://co.com
881,https://cnnindonesia.com
882,https://twilio.com
883,https://gelbooru.com
884,https://science.org
885,https://hdtube.porn
886,https://pornhub.org
887,https://xnxx.tv
888,https://ilmeteo.it
889,https://xnxx2.com
890,https://xvideos2.com
891,https://asuratoon.com
892,https://shahvani.com
893,https://infonline.de
894,https://inps.it
895,https://syosetu.com
896,https://fanpage.it
897,https://iltalehti.fi
898,https://shopeemobile.com
899,https://peachavocado.com
900,https://mathplayground.com
901,https://wordwall.net
902,https://inven.co.kr
903,https://3bmeteo.com
904,https://sozcu.com.tr
905,https://viva.co.id
906,https://exhentai.org
907,https://cnbcindonesia.com
908,https://action.com
909,https://ekstrabladet.dk
910,https://amarujala.com
911,https://messenger.com
912,https://elsevier.com
913,https://tokyomotion.net
914,https://otomoto.pl
915,https://tenki.jp
916,https://cedexis-test.com
917,https://ptt.cc
918,https://google.nl
919,https://leroymerlin.fr
920,https://protothema.gr
921,https://jutarnji.hr
922,https://snaptik.app
923,https://idealista.it
924,https://motherless.com
925,https://hollywoodbets.net
926,https://znanija.com
927,https://ssstik.io
928,https://ifilo.net
929,https://here.com
930,https://fc2.com
931,https://blic.rs
932,https://zozo.jp
933,https://nitrotype.com
934,https://justdial.com
935,https://hianime.to
936,https://haber7.com
937,https://hanime1.me
938,https://brainly.com.br
939,https://luxuretv.com
940,https://aajtak.in
941,https://myreadingmanga.info
942,https://meetup.com
943,https://gamewith.jp
944,https://fatalmodel.com
945,https://e621.net
946,https://kooora.com
947,https://almasryalyoum.com
948,https://togetter.com
949,https://nps.gov
950,https://oreilly.com
951,https://suumo.jp
952,https://mega.nz
953,https://mangabuddy.com
954,https://bookmyshow.com
955,https://mangago.me
956,https://happymod.com
957,https://bato.to
958,https://kurir.rs
959,https://rezka.ag
960,https://xhamster1.desi
961,https://sinsay.com
962,https://9animetv.to
963,https://bt.dk
964,https://mediaexpert.pl
965,https://zearn.org
966,https://caliente.mx
967,https://brainly.co.id
968,https://fapello.com
969,https://deezer.com
970,https://typekit.com
971,https://ajio.com
972,https://fuq.com
973,https://harimanga.com
974,https://porn300.com
975,https://lxtgame.com
976,https://marmiton.org
977,https://fantia.jp
978,https://goojara.to
979,https://pussyspace.com
980,https://serviporno.com
981,https://programme-tv.net
982,https://ruliweb.com
983,https://simpcity.su
984,https://snapinsta.app
985,https://kidsa-z.com
986,https://aniwatchtv.to
987,https://thisav.com
988,https://ppomppu.co.kr
989,https://sportybet.com
990,https://alarbda.com
991,https://cityheaven.net
992,https://rat.xxx
993,https://spankbang.party
994,https://cmoa.jp
995,https://xxxvideo.link
996,https://tukif.com
997,https://xvideos.es
998,https://xnxxcom.xyz
999,https://fabswingers.com
1000,https://visortmo.com
1001,https://geocities.com
1002,https://mindbox.ru
1003,https://colamanga.com
1004,https://xvideos3.com
1005,https://supjav.com
1006,https://betway.co.za
1007,https://librus.pl
1008,https://doujindesu.tv
1009,https://game8.jp
1010,https://hot-sex-tube.com
1011,https://carsensor.net
1012,https://qorno.com
1013,https://xnxx3.com
1014,https://music-fa.com
1015,https://wnacg.com
1016,https://sexvid.pro
1017,https://ijavhd.com
1018,https://beboo.ru
1019,https://hibiny.ru
1020,https://mangalib.me
1021,https://rajwap.cc
1022,https://listcrawler.eu
1023,https://eenadu.net
1024,https://prokerala.com
1025,https://ringcentral.com
1026,https://freeip.me
1027,https://spot.im
1028,https://psiphon.news
1029,https://mechacomic.jp
1030,https://mangaschan.net
1031,https://azet.sk
1032,https://livehindustan.com
1033,https://unotv.com
1034,https://brainly.in
1035,https://tesla.com
1036,https://sun.com
1037,https://banvenez.com
1038,https://1mg.com
1039,https://poop.com.co
1040,https://porno666.link
1041,https://sexemodel.com
1042,https://toyhou.se
1043,https://joyclub.de
1044,https://croxyproxy.com
1045,https://acronis.com
1046,https://trilltrill.jp
1047,https://readmanga.live
1048,https://arca.live
1049,https://garmin.com
1050,https://gdz.ru
1051,https://theqoo.net
1052,https://glance.net
1053,https://utexas.edu
1054,https://palmplaystore.com
1055,https://hochi.news
1056,https://oraclecloud.com
1057,https://netkeiba.com
1058,https://livescore.in
1059,https://saednews.com
1060,https://mangatoto.com
1061,https://skipthegames.com
1062,https://xosodaiphat.com
1063,https://tvonenews.com
1064,https://cardmarket.com
1065,https://battwo.com
1066,https://hentai.name
1067,https://bingoplus.com
1068,https://manhwaclan.com
1069,https://yako.red
1070,https://chordtela.com
1071,https://njuskalo.hr
1072,https://av19.gg
1073,https://tjsp.jus.br
1074,https://imgsrc.ru
1075,https://wto.to
1076,https://xoso.com.vn
1077,https://casinoplus.com.ph
1078,https://truyenfull.vn
1079,https://999.md
1080,https://laroza.net
1081,https://zbporn.tv
1082,https://mamastar.jp
1083,https://humoruniv.com
1084,https://52shuku.vip
1085,https://kakuyomu.jp
1086,https://wonporn.com
1087,https://anoboy.baby
1088,https://vietjack.com
1089,https://emaktab.uz
1090,https://komikindo.tv
1091,https://manhuascan.io
1092,https://fextok.com
1093,https://screener.in
1094,https://tubidy.cool
1095,https://apornvideo.com
1096,https://diretta.it
1097,https://cmu.edu
1098,https://skokka.com
1099,https://happymh.com
1100,https://dogdrip.net
1101,https://pussyboy.net
1102,https://piccoma.com
1103,https://publi24.ro
1104,https://syosetu.org
1105,https://inc.com
1106,https://eroterest.net
1107,https://simontokx.online
1108,https://confirmtkt.com
1109,https://xnxxsex.net
1110,https://sexindrag.com
1111,https://doublelist.com
1112,https://czbooks.net
1113,https://fabguys.com
1114,https://betika.com
1115,https://onlyindianx.cc
1116,https://xvideos5.com
1117,https://evexxx.com
1118,https://xxxsexjav.com
1119,https://mobile-tracker-free.com
1120,https://conectate.com.do
1121,https://porno18.site
1122,https://flashscore.pl
1123,https://nz.ua
1124,https://lectormanga.lat
1125,https://vlxx.moe
1126,https://pornhat.one
1127,https://anses.gob.ar
1128,https://flashscore.com.br
1129,https://kamababa.desi
1130,https://82xnxx.com
1131,https://pornid.name
1132,https://coco.gg
1133,https://tmohentai.com
1134,https://bpexch.com
1135,https://salonboard.com
1136,https://goal.co
1137,https://yaoilib.me
1138,https://betpawa.ug
1139,https://in3x.net
1140,https://xxxhindi.to
1141,https://ojogodobicho.com
1142,https://autoplius.lt
1143,https://clip2vip.com
1144,https://yahoo.net
1145,https://ecnavi.jp
1146,https://grapee.jp
1147,https://egnyte.com
1148,https://escortbabylon.net
1149,https://brstej.com
1150,https://hdhindisex.com
1151,https://ss.com
1152,https://shipt.com
1153,https://skelbiu.lt
1154,https://scan-manga.com
1155,https://tripod.com
1156,https://olimpbet.kz
1157,https://diziwatch.net
1158,https://manga168.com
1159,https://tuazar.com
1160,https://letras.mus.br
1161,https://123-hd.com
1162,https://girlschannel.net
1163,https://escort.club
1164,https://tamildhool.net
1165,https://promiedos.com.ar
1166,https://jra.jp
1167,https://rezultati.com
1168,https://avto.net
1169,https://rainberrytv.com
1170,https://sarkariresult.com
1171,https://flashscore.fr
1172,https://yatv.pro
1173,https://annunci69.it
1174,https://wapbold.net
1175,https://boatrace.jp
1176,https://thscore.mobi
1177,https://wannonce.com
1178,https://yatube.net
1179,https://gimy.ai
1180,https://xvideos4.com
1181,https://yako.net
1182,https://bakusai.com
1183,https://bakecaincontrii.com
1184,https://evernote.com
1185,https://dto.jp
1186,https://animeyuzu.com
1187,https://oddspark.com
1188,https://truyenqqvn.com
1189,https://betproexch.com
1190,https://dewafilm.xyz
1191,https://animanch.com
1192,https://xxxnd.com
1193,https://hentailib.me
1194,https://hackerdoslot.com
1195,https://kkstories.com
1196,https://91club.club
1197,https://site777.jp
1198,https://sex-studentki.cash
1199,https://olxmewah.com
1200,https://ncz3u7cj2.com
1201,https://turbo.az
1202,https://dpboss.services
1203,https://sattasport.in
1204,https://hnext.jp
1205,https://91club06.com
1206,https://desitelugusex.com
1207,https://fulldesisex.com
1208,https://satta-king-fast.com
1209,https://satta-king-fixed-no.in
1210,https://11xplay.pro
1211,https://xvideosporno.blog.br
1212,https://spboss.blog
1213,https://lotterysambadresult.in
1214,https://sattamatkano1.me
1215,https://kolkataff.in
1216,https://betinexchange.com
1217,https://deepl.com
1218,https://tbshop-ma.net
1219,https://mmcdn.com
1220,https://squareup.com
1221,https://starmakerstudios.com
1222,https://superhosting.bg
1223,https://ucweb.com
1224,https://gartner.com
1225,https://vox.com
1226,https://spiegel.de
1227,https://ufl.edu
1228,https://secureserver.net
1229,https://telenor.se
1230,https://dondominio.com
1231,https://callofduty.com
1232,https://umbrella.com
1233,https://dropcatch.com
1234,https://vivo.com.cn
1235,https://websitewelcome.com
1236,https://spotify.net
1237,https://ucsd.edu
1238,https://coinbase.com
1239,https://battle.net
1240,https://scientificamerican.com
1241,https://chatgpt.com
1242,https://recaptcha.net
1243,https://azure.net
1244,https://singular.net
1245,https://truste.com
1246,https://sky.com
1247,https://arstechnica.com
1248,https://unimelb.edu.au
1249,https://lg.com
1250,https://app.link
1251,https://mirror.co.uk
1252,https://dashlane.com
1253,https://walkme.com
1254,https://docker.io
1255,https://uchicago.edu
1256,https://matterport.com
1257,https://feedburner.com
1258,https://wiktionary.org
1259,https://verkada.com
1260,https://symantec.com
1261,https://aka.ms
1262,https://centrastage.net
1263,https://digg.com
1264,https://goguardian.com
1265,https://ftc.gov
1266,https://slate.com
1267,https://redbull.com
1268,https://bbb.org
1269,https://iana.org
1270,https://sedo.com
1271,https://anchor.fm
1272,https://buydomains.com
1273,https://engadget.com
1274,https://elegantthemes.com
1275,https://keplr.app
1276,https://fedoraproject.org
1277,https://asus.com
1278,https://iponweb.net
1279,https://mparticle.com
1280,https://gdemoideti.ru
1281,https://aljazeera.com
1282,https://fao.org
1283,https://watchguard.com
1284,https://americanexpress.com
1285,https://thetimes.co.uk
1286,https://sl.pt
1287,https://gizmodo.com
1288,https://screenconnect.com
1289,https://acs.org
1290,https://telegra.ph
1291,https://swiftkey.com
1292,https://sfgate.com
1293,https://mapbox.com
1294,https://photobucket.com
1295,https://bitbucket.org
1296,https://siemens.com
1297,https://jetbrains.com
1298,https://huntress.io
1299,https://www.nhs.uk
1300,https://olx.ua
