1,google.com
2,microsoft.com
3,facebook.com
4,googleapis.com
5,apple.com
6,twitter.com
7,azure.com
8,instagram.com
9,cloudflare.com
10,gstatic.com
11,office.com
12,googlevideo.com
13,linkedin.com
14,live.com
15,fbcdn.net
16,doubleclick.net
17,googletagmanager.com
18,amazon.com
19,wikipedia.org
20,googleusercontent.com
21,fastly.net
22,bing.com
23,netflix.com
24,wordpress.org
25,youtu.be
26,github.com
27,yahoo.com
28,digicert.com
29,pinterest.com
30,googlesyndication.com
31,tiktokv.com
32,mail.ru
33,whatsapp.net
34,sharepoint.com
35,adobe.com
36,windows.net
37,goo.gl
38,spotify.com
39,google-analytics.com
40,vimeo.com
41,yandex.net
42,zoom.us
43,skype.com
44,gandi.net
45,bit.ly
46,msn.com
47,wordpress.com
48,cloudflare.net
49,whatsapp.com
50,ntp.org
51,office365.com
52,blogspot.com
53,mozilla.org
54,trbcdn.net
55,reddit.com
56,roblox.com
57,tiktok.com
58,googledomains.com
59,cloudflare-dns.com
60,opera.com
61,unity3d.com
62,intuit.com
63,yandex.ru
64,snapchat.com
65,app-measurement.com
66,europa.eu
67,amazon-adsystem.com
68,t-mobile.com
69,dropbox.com
70,ui.com
71,pki.goog
72,googleadservices.com
73,outlook.com
74,nih.gov
75,tumblr.com
76,samsung.com
77,gravatar.com
78,t.me
79,github.io
80,criteo.com
81,sentry.io
82,nytimes.com
83,windows.com
84,ring.com
85,flickr.com
86,dns.google
87,archive.org
88,vk.com
89,epicgames.com
90,forms.gle
91,apache.org
92,paypal.com
93,medium.com
94,applovin.com
95,forbes.com
96,app-analytics-services.com
97,soundcloud.com
98,meraki.com
99,t.co
100,cnn.com
101,casalemedia.com
102,gmail.com
103,amazonvideo.com
104,w3.org
105,ebay.com
106,theguardian.com
107,android.com
108,taboola.com
109,tds.net
110,adobe.io
111,elisa.fi
112,slack.com
113,salesforce.com
114,sciencedirect.com
115,example.com
116,bbc.co.uk
117,nginx.org
118,userapi.com
119,creativecommons.org
120,doubleverify.com
121,mzstatic.com
122,bbc.com
123,nginx.com
124,googleblog.com
125,att.com
126,sourceforge.net
127,smartadserver.com
128,twitch.tv
129,ampproject.org
130,imdb.com
131,mit.edu
132,rubiconproject.com
133,salesforceliveagent.com
134,shopify.com
135,ubuntu.com
136,who.int
137,reg.ru
138,b-cdn.net
139,telecid.ru
140,discord.com
141,hp.com
142,scorecardresearch.com
143,researchgate.net
144,dailymotion.com
145,appsflyer.com
146,youtube-nocookie.com
147,hubspot.com
148,wikimedia.org
149,issuu.com
150,booking.com
151,tinyurl.com
152,launchdarkly.com
153,comfortel.pro
154,doi.org
155,ibm.com
156,roku.com
157,cdc.gov
158,canva.com
159,openx.net
160,weebly.com
161,amazon.co.uk
162,oracle.com
163,harvard.edu
164,vungle.com
165,washingtonpost.com
166,reuters.com
167,3lift.com
168,dnsmadeeasy.com
169,linktr.ee
170,slideshare.net
171,adsrvr.org
172,arubanetworks.com
173,pubmatic.com
174,weibo.com
175,att.net
176,avast.com
177,mcafee.com
178,dailymail.co.uk
179,www.gov.uk
180,wp.com
181,go.com
182,media.net
183,stripe.com
184,wiley.com
185,netangels.ru
186,walmart.com
187,steampowered.com
188,wildberries.ru
189,bloomberg.com
190,crashlytics.com
191,x.com
192,espn.com
193,appcenter.ms
194,force.com
195,wsj.com
196,google.com.br
197,nature.com
198,etsy.com
199,adsafeprotected.com
200,php.net
201,godaddy.com
202,weather.com
203,eset.com
204,quantserve.com
205,businessinsider.com
206,discord.gg
207,1c.ru
208,sapo.pt
209,tradingview.com
210,openai.com
211,grammarly.com
212,google.de
213,branch.io
214,springer.com
215,lijit.com
216,indeed.com
217,quora.com
218,mi.com
219,mozilla.com
220,adform.net
221,list-manage.com
222,unsplash.com
223,nasa.gov
224,stanford.edu
225,outbrain.com
226,ea.com
227,trendmicro.com
228,google.co.uk
229,viber.com
230,cnbc.com
231,checkpoint.com
232,inmobi.com
233,criteo.net
234,gnu.org
235,stackoverflow.com
236,ozon.ru
237,eventbrite.com
238,tripadvisor.com
239,forter.com
240,cpanel.net
241,clarity.ms
242,warnerbros.com
243,teamviewer.com
244,autodesk.com
245,dotomi.com
246,teads.tv
247,hotjar.com
248,foxnews.com
249,globo.com
250,giphy.com
251,myshopify.com
252,tp-link.com
253,aliexpress.com
254,g.page
255,shalltry.com
256,goodreads.com
257,statista.com
258,id5-sync.com
259,telekom.de
260,digitalocean.com
261,time.com
262,yahoo.co.jp
263,pages.dev
264,amazon.de
265,sophos.com
266,wix.com
267,independent.co.uk
268,verisign.com
269,naver.com
270,telegraph.co.uk
271,usatoday.com
272,hostgator.com
273,surveymonkey.com
274,addtoany.com
275,pixabay.com
276,expedia.com
277,blogger.com
278,ngenix.net
279,gamepass.com
280,alibaba.com
281,nvidia.com
282,ft.com
283,wired.com
284,speedtest.net
285,entrust.net
286,zendesk.com
287,scribd.com
288,amazon.co.jp
289,ok.ru
290,uber.com
291,aol.com
292,trustpilot.com
293,behance.net
294,pandora.com
295,mikrotik.com
296,debian.org
297,ted.com
298,ups.com
299,bitrix24.ru
300,duolingo.com
301,accuweather.com
302,google.com.hk
303,timeweb.ru
304,deepintent.com
305,disqus.com
306,indiatimes.com
307,fb.com
308,360yield.com
309,t-online.de
310,rambler.ru
311,launchpad.net
312,intel.com
313,braze.com
314,gosuslugi.ru
315,imgur.com
316,amazontrust.com
317,dzen.ru
318,google.ca
319,squarespace.com
320,avira.com
321,google.co.jp
322,mysql.com
323,deviantart.com
324,nypost.com
325,google.fr
326,mailchimp.com
327,rakuten.co.jp
328,buzzfeed.com
329,okta.com
330,mega.co.nz
331,onetrust.com
332,huawei.com
333,webmd.com
334,calendly.com
335,xboxlive.com
336,duckduckgo.com
337,line.me
338,ca.gov
339,ivi.ru
340,fbsbx.com
341,berkeley.edu
342,aboutads.info
343,optimizely.com
344,fast.com
345,atlassian.com
346,imgsmail.ru
347,playstation.com
348,loc.gov
349,paloaltonetworks.com
350,mts.ru
351,datadoghq.com
352,icloud-content.com
353,marriott.com
354,jquery.com
355,ezvizlife.com
356,cbsnews.com
357,steamcommunity.com
358,xhamster.com
359,visualstudio.com
360,oup.com
361,patreon.com
362,tandfonline.com
363,livejournal.com
364,shutterstock.com
365,google.es
366,xvideos.com
367,herokuapp.com
368,yelp.com
369,free.fr
370,yandex.com
371,uol.com.br
372,conviva.com
373,bluehost.com
374,techcrunch.com
375,ietf.org
376,myspace.com
377,google.it
378,noaa.gov
379,virtualearth.net
380,nike.com
381,merriam-webster.com
382,newrelic.com
383,cookielaw.org
384,amplitude.com
385,upwitheaway.info
386,livechatinc.com
387,newsweek.com
388,yieldmo.com
389,theverge.com
390,qualtrics.com
391,google.co.in
392,wattpad.com
393,ikea.com
394,rt.ru
395,latimes.com
396,kaspi.kz
397,irs.gov
398,adobe.net
399,fontawesome.com
400,pinimg.com
401,tapad.com
402,britannica.com
403,1drv.com
404,bugsnag.com
405,prnewswire.com
406,schwab.com
407,life360.com
408,intercom.io
409,fandom.com
410,addthis.com
411,target.com
412,appspot.com
413,klaviyo.com
414,elpais.com
415,huffingtonpost.com
416,sagepub.com
417,washington.edu
418,rspamd.com
419,w3schools.com
420,stackadapt.com
421,nbcnews.com
422,rackspace.com
423,name.com
424,temu.com
425,bestbuy.com
426,riotgames.com
427,amazon.fr
428,jotform.com
429,hostgator.com.br
430,coinmarketcap.com
431,mediafire.com
432,investopedia.com
433,hugedomains.com
434,docker.com
435,binance.com
436,bluekai.com
437,contextweb.com
438,xiaomi.net
439,fda.gov
440,zemanta.com
441,gumgum.com
442,theatlantic.com
443,udemy.com
444,service.gov.uk
445,cloudflareclient.com
446,allaboutcookies.org
447,cambridge.org
448,themeforest.net
449,erome.com
450,box.com
451,amazon.ca
452,hbr.org
453,maricopa.gov
454,shein.com
455,nationalgeographic.com
456,cloudns.net
457,homedepot.com
458,networkadvertising.org
459,blueapron.com
460,bandcamp.com
461,lemonde.fr
462,lenovo.com
463,primevideo.com
464,dreamhost.com
465,indexww.com
466,cookiedatabase.org
467,finn.no
468,usda.gov
469,amazon.in
470,people.com
471,notion.so
472,upwork.com
473,bitdefender.com
474,nest.com
475,fiverr.com
476,mailchi.mp
477,a-mo.net
478,pornhub.com
479,mixpanel.com
480,google.pl
481,chaturbate.com
482,google.com.mx
483,chartboost.com
484,shopee.co.id
485,zillow.com
486,princeton.edu
487,sitescout.com
488,kickstarter.com
489,tremorhub.com
490,markmonitor.com
491,bigo.sg
492,canonical.com
493,brave.com
494,google.cn
495,yimg.com
496,pvp.net
497,amazon.es
498,huffpost.com
499,onlinepbx.ru
500,kargo.com
501,pluto.tv
502,clever.com
503,mgid.com
504,xnxx.com
505,typeform.com
506,healthline.com
507,disneyplus.com
508,netgear.com
509,news.com.au
510,pendo.io
511,google.com.tr
512,iso.org
513,aniview.com
514,discordapp.com
515,academia.edu
516,redislabs.com
517,browser-intake-datadoghq.com
518,bootstrapcdn.com
519,redhat.com
520,supercell.com
521,gitlab.com
522,ebay.co.uk
523,epa.gov
524,pbs.org
525,unrulymedia.com
526,zoho.com
527,bild.de
528,business.site
529,onlyfans.com
530,lefigaro.fr
531,rapid7.com
532,change.org
533,amazon.it
534,ameblo.jp
535,shopee.com.br
536,avito.ru
537,adjust.com
538,service-now.com
539,hm.com
540,intentiq.com
541,columbia.edu
542,heylink.me
543,whitehouse.gov
544,otto.de
545,seznam.cz
546,istockphoto.com
547,spamhaus.org
548,fedex.com
549,adrta.com
550,anydesk.com
551,online.net
552,allegro.pl
553,worldbank.org
554,fb.me
555,dnsv1.com
556,ndtv.com
557,ertelecom.ru
558,plesk.com
559,instructure.com
560,flashtalking.com
561,xfinity.com
562,facebook-hardware.com
563,cloudflareinsights.com
564,mongodb.com
565,unpkg.com
566,sonobi.com
567,arcgis.com
568,statcounter.com
569,state.gov
570,genius.com
571,supersonicads.com
572,daum.net
573,hindustantimes.com
574,quickconnect.to
575,churnzero.net
576,nic.do
577,kohls.com
578,btloader.com
579,pusher.com
580,umich.edu
581,globalsign.com
582,xerox.com
583,swrve.com
584,tokopedia.com
585,firefox.com
586,atlassian.net
587,coingecko.com
588,biblegateway.com
589,immunet.com
590,cdnvideo.ru
591,airbnb.com
592,ad.gt
593,ya.ru
594,vivoglobal.com
595,wikihow.com
596,lowes.com
597,discogs.com
598,realtor.com
599,badoo.com
600,segment.io
601,repubblica.it
602,hilton.com
603,apple.news
604,deloitte.com
605,economist.com
606,onet.pl
607,amazon.com.br
608,adroll.com
609,wp.pl
610,synology.com
611,usnews.com
612,pccc.com
613,redd.it
614,classlink.com
615,sharethis.com
616,hotmail.com
617,vkontakte.ru
618,innovid.com
619,datto.com
620,ebay.de
621,arxiv.org
622,cloud.microsoft
623,perfectdomain.com
624,mdpi.com
625,jimdo.com
626,smartthings.com
627,corriere.it
628,notamedia.ru
629,va.gov
630,adgrx.com
631,keenetic.pro
632,character.ai
633,skroutz.gr
634,hulu.com
635,redfin.com
636,quizlet.com
637,ancestry.com
638,2gis.com
639,ip-api.com
640,pexels.com
641,akismet.com
642,businesswire.com
643,weforum.org
644,agoda.com
645,onesignal.com
646,creditkarma.com
647,chegg.com
648,cbc.ca
649,apnews.com
650,utorrent.com
651,splashtop.com
652,telekom.net
653,bol.com
654,me.com
655,mlb.com
656,ubnt.com
657,adtelligent.com
658,theconversation.com
659,pikabu.ru
660,mercadolibre.com.ar
661,openstreetmap.org
662,mercadolivre.com.br
663,macys.com
664,chess.com
665,caixa.gov.br
666,pixiv.net
667,flipkart.com
668,eporner.com
669,asos.com
670,psychologytoday.com
671,youronlinechoices.com
672,www.gov.br
673,flurry.com
674,costco.com
675,francetvinfo.fr
676,eepurl.com
677,interia.pl
678,split.io
679,spankbang.com
680,cdek.ru
681,chartbeat.com
682,crpt.ru
683,fortune.com
684,gcdn.co
685,ecosia.org
686,appier.net
687,trendyol.com
688,agora.io
689,dribbble.com
690,discord.media
691,stbid.ru
692,yale.edu
693,idnes.cz
694,psu.edu
695,poki.com
696,ubi.com
697,nikkei.com
698,marca.com
699,mobile.de
700,dns-shop.ru
701,xing.com
702,moneycontrol.com
703,bitdefender.net
704,quizizz.com
705,lwsdns.com
706,olx.com.br
707,abc.net.au
708,samsungelectronics.com
709,nubank.com.br
710,ovh.net
711,constantcontact.com
712,goo.ne.jp
713,cloudinary.com
714,nexusmods.com
715,plos.org
716,epicgames.dev
717,surfshark.com
718,gofundme.com
719,ign.com
720,onetag-sys.com
721,amazon.com.mx
722,infobae.com
723,ilovepdf.com
724,as.com
725,ucla.edu
726,terra.com.br
727,gsmarena.com
728,tinkoff.ru
729,goal.com
730,tplinkcloud.com
731,ox.ac.uk
732,newyorker.com
733,datadome.co
734,google.ru
735,sportskeeda.com
736,n-tv.de
737,skyhigh.cloud
738,ioam.de
739,livedoor.jp
740,wyzecam.com
741,reverso.net
742,marketwatch.com
743,clarin.com
744,biomedcentral.com
745,vice.com
746,readthedocs.io
747,onedrive.com
748,getpocket.com
749,code.org
750,ipify.org
751,letterboxd.com
752,linode.com
753,dyndns.org
754,curseforge.com
755,nba.com
756,apa.org
757,aparat.com
758,quillbot.com
759,statuspage.io
760,kleinanzeigen.de
761,vivo.com
762,wordreference.com
763,coupang.com
764,dafont.com
765,docomo.ne.jp
766,cspserver.net
767,olx.pl
768,lanacion.com.ar
769,betano.com
770,ad.nl
771,20minutos.es
772,gismeteo.ru
773,telegraaf.nl
774,xhcdn.com
775,norton.com
776,leboncoin.fr
777,udn.com
778,nu.nl
779,bmj.com
780,upenn.edu
781,wshareit.com
782,frontiersin.org
783,uci.edu
784,archiveofourown.org
785,sendgrid.net
786,abovedomains.com
787,umn.edu
788,beget.com
789,dmm.co.jp
790,sciencedaily.com
791,about.com
792,uchi.ru
793,vg.no
794,livescore.com
795,asu.edu
796,flashscore.com
797,ixl.com
798,jstor.org
799,vnexpress.net
800,hln.be
801,pornpics.com
802,cam.ac.uk
803,jw.org
804,auvik.com
805,ynet.co.il
806,espncricinfo.com
807,substack.com
808,dynatrace.com
809,mercadolibre.com.mx
810,blooket.com
811,nhentai.net
812,rightmove.co.uk
813,tabelog.com
814,mashable.com
815,youporn.com
816,sahibinden.com
817,rule34.xxx
818,cricbuzz.com
819,remove.bg
820,infoseek.co.jp
821,fb.watch
822,faphouse.com
823,xhamster.desi
824,acesso.gov.br
825,n-able.com
826,varzesh3.com
827,boyfriendtv.com
828,tribunnews.com
829,cookpad.com
830,fetlife.com
831,digitaloceanspaces.com
832,amocrm.ru
833,hitomi.la
834,magazineluiza.com.br
835,typepad.com
836,terabox.app
837,python.org
838,jiocinema.com
839,redtube.com
840,marktplaats.nl
841,bet365.com
842,google.com.au
843,ixbt.com
844,rule34video.com
845,missav.com
846,lichess.org
847,zdnet.com
848,postrelease.com
849,coursera.org
850,indiamart.com
851,lc.chat
852,digikala.com
853,studocu.com
854,trello.com
855,4chan.org
856,fanfiction.net
857,xhamster42.desi
858,wisc.edu
859,craigslist.org
860,livedoor.com
861,idealista.com
862,cox.net
863,furaffinity.net
864,tgju.org
865,merkur.de
866,samsungknox.com
867,mundodeportivo.com
868,getbootstrap.com
869,dhl.com
870,sex.com
871,coolmathgames.com
872,plex.tv
873,milliyet.com.tr
874,algolia.net
875,tvn24.pl
876,tabor.ru
877,ebay.it
878,myntra.com
879,kundelik.kz
880,trustarc.com
881,donga.com
882,hinet.net
883,betnacional.com
884,byjus.com
885,makemytrip.com
886,kemono.su
887,index.hr
888,xnxx.health
889,cloud.com
890,ladepeche.fr
891,hltv.org
892,coomer.su
893,oecd.org
894,mbga.jp
895,autotrader.co.uk
896,ntppool.org
897,dagbladet.no
898,wpengine.com
899,dcinside.com
900,namu.wiki
901,subito.it
902,dlsite.com
903,dantri.com.vn
904,hotpepper.jp
905,sciencemag.org
906,bilibili.tv
907,dan.com
908,fastcompany.com
909,pewresearch.org
910,tsn.ua
911,donmai.us
912,youjizz.com
913,nintendo.com
914,noodlemagazine.com
915,starfall.com
916,actu.fr
917,identrust.com
918,unifi-ai.com
919,funpay.com
920,medicalnewstoday.com
921,futbin.com
922,zalando.de
923,aternos.org
924,thisvid.com
925,jusbrasil.com.br
926,mat6tube.com
927,jut.su
928,cdiscount.com
929,dw.com
930,imhentai.xxx
931,24h.com.vn
932,sanook.com
933,aznude.com
934,nikkansports.com
935,fmkorea.com
936,amazon.eg
937,cardgames.io
938,yts.mx
939,xhamster2.com
940,aniwave.to
941,ficbook.net
942,iporntv.net
943,granbluefantasy.jp
944,e-hentai.org
945,litnet.com
946,nairaland.com
947,sxyprn.com
948,auone.jp
949,superporn.com
950,kompoz2.com
951,ixxx.com
952,metropoles.com
953,cronista.com
954,jable.tv
955,emag.ro
956,hqporner.com
957,sexvid.xxx
958,co.com
959,cnnindonesia.com
960,twilio.com
961,gelbooru.com
962,science.org
963,hdtube.porn
964,pornhub.org
965,xnxx.tv
966,ilmeteo.it
967,xnxx2.com
968,xvideos2.com
969,asuratoon.com
970,shahvani.com
971,infonline.de
972,inps.it
973,syosetu.com
974,fanpage.it
975,iltalehti.fi
976,shopeemobile.com
977,peachavocado.com
978,mathplayground.com
979,wordwall.net
980,inven.co.kr
981,3bmeteo.com
982,sozcu.com.tr
983,viva.co.id
984,exhentai.org
985,cnbcindonesia.com
986,action.com
987,ekstrabladet.dk
988,amarujala.com
989,messenger.com
990,elsevier.com
991,tokyomotion.net
992,otomoto.pl
993,gst.gov.in
994,tenki.jp
995,cedexis-test.com
996,ptt.cc
997,google.nl
998,leroymerlin.fr
999,protothema.gr
1000,jutarnji.hr
1001,snaptik.app
1002,idealista.it
1003,motherless.com
1004,hollywoodbets.net
1005,znanija.com
1006,ssstik.io
1007,ifilo.net
1008,here.com
1009,fc2.com
1010,blic.rs
1011,zozo.jp
1012,nitrotype.com
1013,justdial.com
1014,hianime.to
1015,namasha.com
1016,quantummetric.com
1017,haber7.com
1018,hanime1.me
1019,brainly.com.br
1020,luxuretv.com
1021,aajtak.in
1022,myreadingmanga.info
1023,meetup.com
1024,gamewith.jp
1025,fatalmodel.com
1026,e621.net
1027,kooora.com
1028,almasryalyoum.com
1029,togetter.com
1030,nps.gov
1031,oreilly.com
1032,suumo.jp
1033,mega.nz
1034,mangabuddy.com
1035,bookmyshow.com
1036,mediavine.com
1037,mangago.me
1038,happymod.com
1039,bato.to
1040,kurir.rs
1041,rezka.ag
1042,xhamster1.desi
1043,sinsay.com
1044,9animetv.to
1045,bt.dk
1046,mediaexpert.pl
1047,zearn.org
1048,caliente.mx
1049,brainly.co.id
1050,fapello.com
1051,deezer.com
1052,typekit.com
1053,ajio.com
1054,fuq.com
1055,harimanga.com
1056,pubnative.net
1057,porn300.com
1058,lxtgame.com
1059,marmiton.org
1060,fantia.jp
1061,goojara.to
1062,pussyspace.com
1063,serviporno.com
1064,programme-tv.net
1065,ruliweb.com
1066,simpcity.su
1067,snapinsta.app
1068,kidsa-z.com
1069,aniwatchtv.to
1070,thisav.com
1071,ppomppu.co.kr
1072,sportybet.com
1073,alarbda.com
1074,cityheaven.net
1075,rat.xxx
1076,spankbang.party
1077,cmoa.jp
1078,xxxvideo.link
1079,tukif.com
1080,xvideos.es
1081,xnxxcom.xyz
1082,fabswingers.com
1083,visortmo.com
1084,geocities.com
1085,mindbox.ru
1086,colamanga.com
1087,xvideos3.com
1088,supjav.com
1089,betway.co.za
1090,librus.pl
1091,ninisite.com
1092,doujindesu.tv
1093,game8.jp
1094,hot-sex-tube.com
1095,carsensor.net
1096,qorno.com
1097,xnxx3.com
1098,music-fa.com
1099,wnacg.com
1100,sexvid.pro
1101,ijavhd.com
1102,beboo.ru
1103,hibiny.ru
1104,mangalib.me
1105,rajwap.cc
1106,listcrawler.eu
1107,eenadu.net
1108,prokerala.com
1109,ringcentral.com
1110,freeip.me
1111,epfindia.gov.in
1112,spot.im
1113,psiphon.news
1114,mechacomic.jp
1115,mangaschan.net
1116,azet.sk
1117,livehindustan.com
1118,unotv.com
1119,brainly.in
1120,tesla.com
1121,sun.com
1122,banvenez.com
1123,1mg.com
1124,poop.com.co
1125,porno666.link
1126,sexemodel.com
1127,toyhou.se
1128,joyclub.de
1129,croxyproxy.com
1130,acronis.com
1131,trilltrill.jp
1132,readmanga.live
1133,arca.live
1134,garmin.com
1135,gdz.ru
1136,theqoo.net
1137,glance.net
1138,utexas.edu
1139,palmplaystore.com
1140,hochi.news
1141,69shu.pro
1142,oraclecloud.com
1143,netkeiba.com
1144,livescore.in
1145,saednews.com
1146,mangatoto.com
1147,skipthegames.com
1148,xosodaiphat.com
1149,tvonenews.com
1150,cardmarket.com
1151,battwo.com
1152,hentai.name
1153,bingoplus.com
1154,manhwaclan.com
1155,yako.red
1156,chordtela.com
1157,njuskalo.hr
1158,av19.gg
1159,tjsp.jus.br
1160,imgsrc.ru
1161,wto.to
1162,xoso.com.vn
1163,casinoplus.com.ph
1164,truyenfull.vn
1165,999.md
1166,laroza.net
1167,zbporn.tv
1168,mamastar.jp
1169,humoruniv.com
1170,52shuku.vip
1171,kakuyomu.jp
1172,wonporn.com
1173,anoboy.baby
1174,vietjack.com
1175,emaktab.uz
1176,komikindo.tv
1177,manhuascan.io
1178,fextok.com
1179,screener.in
1180,tubidy.cool
1181,apornvideo.com
1182,diretta.it
1183,cmu.edu
1184,skokka.com
1185,happymh.com
1186,dogdrip.net
1187,pussyboy.net
1188,piccoma.com
1189,publi24.ro
1190,syosetu.org
1191,inc.com
1192,eroterest.net
1193,simontokx.online
1194,confirmtkt.com
1195,xnxxsex.net
1196,sexindrag.com
1197,doublelist.com
1198,czbooks.net
1199,fabguys.com
1200,betika.com
1201,onlyindianx.cc
1202,xvideos5.com
1203,evexxx.com
1204,xxxsexjav.com
1205,mobile-tracker-free.com
1206,conectate.com.do
1207,porno18.site
1208,flashscore.pl
1209,nz.ua
1210,lectormanga.lat
1211,vlxx.moe
1212,pornhat.one
1213,anses.gob.ar
1214,flashscore.com.br
1215,kamababa.desi
1216,82xnxx.com
1217,pornid.name
1218,coco.gg
1219,tmohentai.com
1220,bpexch.com
1221,salonboard.com
1222,goal.co
1223,yaoilib.me
1224,betpawa.ug
1225,in3x.net
1226,xxxhindi.to
1227,ojogodobicho.com
1228,autoplius.lt
1229,clip2vip.com
1230,yahoo.net
1231,ecnavi.jp
1232,grapee.jp
1233,egnyte.com
1234,escortbabylon.net
1235,brstej.com
1236,hdhindisex.com
1237,ss.com
1238,shipt.com
1239,skelbiu.lt
1240,scan-manga.com
1241,tripod.com
1242,olimpbet.kz
1243,diziwatch.net
1244,manga168.com
1245,tuazar.com
1246,letras.mus.br
1247,123-hd.com
1248,girlschannel.net
1249,escort.club
1250,tamildhool.net
1251,promiedos.com.ar
1252,jra.jp
1253,rezultati.com
1254,avto.net
1255,rainberrytv.com
1256,sarkariresult.com
1257,flashscore.fr
1258,yatv.pro
1259,annunci69.it
1260,wapbold.net
1261,boatrace.jp
1262,thscore.mobi
1263,wannonce.com
1264,yatube.net
1265,gimy.ai
1266,xvideos4.com
1267,yako.net
1268,bakusai.com
1269,bakecaincontrii.com
1270,evernote.com
1271,dto.jp
1272,animeyuzu.com
1273,oddspark.com
1274,truyenqqvn.com
1275,betproexch.com
1276,dewafilm.xyz
1277,animanch.com
1278,xxxnd.com
1279,hentailib.me
1280,hackerdoslot.com
1281,kkstories.com
1282,91club.club
1283,site777.jp
1284,sex-studentki.cash
1285,olxmewah.com
1286,ncz3u7cj2.com
1287,turbo.az
1288,dpboss.services
1289,sattasport.in
1290,hnext.jp
1291,91club06.com
1292,desitelugusex.com
1293,fulldesisex.com
1294,satta-king-fast.com
1295,satta-king-fixed-no.in
1296,11xplay.pro
1297,xvideosporno.blog.br
1298,spboss.blog
1299,lotterysambadresult.in
1300,sattamatkano1.me
1301,kolkataff.in
1302,betinexchange.com
1303,deepl.com
1304,tbshop-ma.net
1305,mmcdn.com
1306,squareup.com
1307,starmakerstudios.com
1308,superhosting.bg
1309,ucweb.com
1310,gartner.com
1311,vox.com
1312,spiegel.de
1313,ufl.edu
1314,secureserver.net
1315,telenor.se
1316,dondominio.com
1317,callofduty.com
1318,umbrella.com
1319,dropcatch.com
1320,vivo.com.cn
1321,websitewelcome.com
1322,spotify.net
1323,ucsd.edu
1324,coinbase.com
1325,battle.net
1326,scientificamerican.com
1327,simpli.fi
1328,chatgpt.com
1329,recaptcha.net
1330,azure.net
1331,singular.net
1332,parklogic.com
1333,truste.com
1334,sky.com
1335,arstechnica.com
1336,unimelb.edu.au
1337,mathtag.com
1338,tealiumiq.com
1339,lg.com
1340,app.link
1341,mirror.co.uk
1342,dashlane.com
1343,walkme.com
1344,docker.io
1345,uchicago.edu
1346,matterport.com
1347,feedburner.com
1348,wiktionary.org
1349,verkada.com
1350,symantec.com
1351,aka.ms
1352,centrastage.net
1353,digg.com
1354,goguardian.com
1355,ftc.gov
1356,slate.com
1357,redbull.com
1358,bbb.org
1359,iana.org
1360,sedo.com
1361,anchor.fm
1362,buydomains.com
1363,engadget.com
1364,elegantthemes.com
1365,keplr.app
1366,fedoraproject.org
1367,ultradns.com
1368,asus.com
1369,iponweb.net
1370,mparticle.com
1371,gdemoideti.ru
1372,aljazeera.com
1373,fao.org
1374,watchguard.com
1375,americanexpress.com
1376,thetimes.co.uk
1377,dssedge.com
1378,sl.pt
1379,gizmodo.com
1380,screenconnect.com
1381,acs.org
1382,telegra.ph
1383,swiftkey.com
1384,sfgate.com
1385,mapbox.com
1386,photobucket.com
1387,bitbucket.org
1388,siemens.com
1389,jetbrains.com
1390,huntress.io
1391,www.nhs.uk
1392,olx.ua
1393,xiaohongshu.com
1394,adswizz.com
1395,arin.net
1396,thelancet.com
1397,playrix.com
1398,google.co.id
1399,jwpltx.com
1400,proofpoint.com
1401,themeisle.com
1402,figma.com
1403,smi2.net
1404,colossusssp.com
1405,stackexchange.com
1406,eff.org
1407,politico.com
1408,privacymanager.io
1409,theiconic.com.au
1410,mediago.io
1411,pnas.org
1412,canada.ca
1413,si.edu
1414,admanmedia.com
1415,wps.com
1416,guardian.co.uk
1417,postgresql.org
1418,eu-1-id5-sync.com
1419,dnsdomen.com
1420,timeanddate.com
1421,caravanclub.co.uk
1422,logitech.com
1423,wunderground.com
1424,letsencrypt.org
1425,edgecastcdn.net
1426,segment.com
1427,blizzard.com
1428,entrepreneur.com
1429,adobelogin.com
1430,webempresa.eu
1431,adblockplus.org
1432,usgs.gov
1433,jamanetwork.com
1434,techtarget.com
1435,house.gov
1436,wetransfer.com
1437,bls.gov
1438,bt.com
1439,arizona.edu
1440,g.co
1441,dictionary.com
1442,uk.com
1443,tenable.com
1444,livescience.com
1445,census.gov
1446,fitbit.com
1447,stumbleupon.com
1448,revopush.com
1449,yandexadexchange.net
1450,ad-delivery.net
1451,doubleclick.com
1452,ford.com
1453,chip.de
1454,themoviedb.org
1455,sogou.com
1456,opsgenie.com
1457,mfadsrvr.com
1458,bfmtv.com
1459,dhs.gov
1460,sc-static.net
1461,eu.org
1462,gotowebinar.com
1463,rkdms.com
1464,mimecast.com
1465,hhs.gov
1466,nyu.edu
1467,eyeota.net
1468,garena.com
1469,aboutcookies.org
1470,evergage.com
1471,heapanalytics.com
1472,zeotap.com
1473,workers.dev
1474,sectigo.com
1475,rt.com
1476,bumble.com
1477,zopim.com
1478,bttrack.com
1479,waze.com
1480,hoster.kz
1481,prezi.com
1482,nordvpn.com
1483,kernel.org
1484,stripchat.com
1485,akamai.com
1486,webs.com
1487,meituan.com
1488,zynga.com
1489,jcpenney.com
1490,variety.com
1491,medallia.com
1492,usc.edu
1493,adentifi.com
1494,drift.com
1495,adp.com
1496,myanimelist.net
1497,onenote.net
1498,mercadolibre.com
1499,semrush.com
1500,unicef.org
1501,cutt.ly
1502,indiegogo.com
1503,tynt.com
1504,express.co.uk
1505,ny.gov
1506,sitemaps.org
1507,vtb.ru
1508,dynamics.com
1509,khanacademy.org
1510,moengage.com
1511,acrobat.com
1512,uisp.com
1513,index.hu
1514,afternic.com
1515,techradar.com
1516,tawk.to
1517,wikia.com
1518,truecaller.com
1519,slackb.com
1520,qz.com
1521,instacart.com
1522,paa-reporting-advertising.amazon
1523,collegeboard.org
1524,iheart.com
1525,sensic.net
1526,disney.com
1527,trueconf.net
1528,clevelandclinic.org
1529,yotpo.com
1530,vkuseraudio.net
1531,kompas.com
1532,smh.com.au
1533,ucdavis.edu
1534,unc.edu
1535,like.video
1536,intercom.com
1537,utoronto.ca
1538,sportradar.com
1539,betweendigital.com
1540,bizjournals.com
1541,usa.gov
1542,purdue.edu
1543,senate.gov
1544,kakao.com
1545,capcut.com
1546,msu.edu
1547,script.ac
1548,sec.gov
1549,nus.edu.sg
1550,brightcloud.com
1551,alphonso.tv
1552,parsely.com
1553,intermedia.net
1554,ukr.net
1555,acm.org
1556,itv.com
1557,miro.com
1558,ampproject.net
1559,classdojo.com
1560,chicagotribune.com
1561,bazaarvoice.com
1562,polyfill.io
1563,ico.org.uk
1564,globenewswire.com
1565,revcontent.com
1566,rollingstone.com
1567,lego.com
1568,snapkit.com
1569,richaudience.com
1570,tesla.services
1571,tapjoy.com
1572,earthlink.net
1573,m.me
1574,cedexis.com
1575,nsone.net
1576,rakuten.com
1577,netscape.com
1578,so.com
1579,oculus.com
1580,nextdoor.com
1581,duke.edu
1582,peacocktv.com
1583,pcmag.com
1584,fool.com
1585,iterable.com
1586,ssrn.com
1587,brightcove.com
1588,hbo.com
1589,howstuffworks.com
1590,asana.com
1591,umd.edu
1592,pwc.com
1593,fullstory.com
1594,welt.de
1595,argos.co.uk
1596,inleed.net
1597,metro.co.uk
1598,nejm.org
1599,investing.com
1600,unity.com
1601,edna.ru
1602,signal.org
1603,wellsfargo.com
1604,fyber.com
1605,wechat.com
1606,google.com.tw
1607,moodle.org
1608,onenote.com
1609,vidazoo.com
1610,overwolf.com
1611,pandasecurity.com
1612,ucoz.ru
1613,hcaptcha.com
1614,excite.co.jp
1615,e-planning.net
1616,glassdoor.com
1617,ticketmaster.com
1618,redditmedia.com
1619,permutive.com
1620,vihub.ru
1621,lge.com
1622,ria.com
1623,adition.com
1624,odoo.com
1625,adkernel.com
1626,rutube.ru
1627,aol.co.uk
1628,adotmob.com
1629,amazon.com.tr
1630,sas.com
1631,ravm.tv
1632,vm.co.mz
1633,samba.tv
1634,java.com
1635,scmp.com
1636,auctollo.com
1637,medlineplus.gov
1638,india.com
1639,mitre.org
1640,thehill.com
1641,itu.int
1642,freebsd.org
1643,evidon.com
1644,rbx.com
1645,auth0.com
1646,tamu.edu
1647,bybit.com
1648,automattic.com
1649,onelink.me
1650,permutive.app
1651,acuityplatform.com
1652,max.com
1653,hepsiburada.com
1654,mixcloud.com
1655,starbucks.com
1656,lnkd.in
1657,weather.gov
1658,today.com
1659,fanduel.com
1660,sendbird.com
1661,kakaku.com
1662,geotrust.com
1663,gallup.com
1664,e-volution.ai
1665,appboy.com
1666,flipboard.com
1667,wowhead.com
1668,sap.com
1669,sakura.ne.jp
1670,pndsn.com
1671,example.org
1672,pantip.com
1673,seedtag.com
1674,euronews.com
1675,icann.org
1676,one.com
1677,rudderstack.com
1678,google.ch
1679,adingo.jp
1680,vinted.fr
1681,minecraft.net
1682,ey.com
1683,illinois.edu
1684,register.com
1685,colorado.edu
1686,urbanairship.com
1687,ubc.ca
1688,google.be
1689,justice.gov
1690,history.com
1691,useinsider.com
1692,google.co.th
1693,theglobeandmail.com
1694,undertone.com
1695,google.at
1696,gotinder.com
1697,sony.com
1698,webpkgcache.com
1699,altervista.org
1700,wayfair.com
1701,rockstargames.com
1702,bounceexchange.com
1703,russianfood.com
1704,energy.gov
1705,divar.ir
1706,malwarebytes.com
1707,klarna.com
1708,mastercard.com
1709,espncdn.com
1710,hpe.com
1711,wb.ru
1712,lww.com
1713,newscientist.com
1714,google.com.ua
1715,crazyegg.com
1716,archives.gov
1717,bigcartel.com
1718,aemet.es
1719,18comic.vip
1720,northwestern.edu
1721,openssl.org
1722,ubisoft.com
1723,kampyle.com
1724,dsp-redirect.com
1725,liquipedia.net
1726,sat.gob.mx
1727,visa.com
1728,hse.ru
1729,axios.com
1730,oricon.co.jp
1731,tidal.com
1732,lastpass.com
1733,pubnub.com
1734,helpshift.com
1735,google.com.ar
1736,gameanalytics.com
1737,thenai.org
1738,sncf-connect.com
1739,google.com.vn
1740,vidio.com
1741,smithsonianmag.com
1742,nazwa.pl
1743,gog.com
1744,rs6.net
1745,youm7.com
1746,strava.com
1747,y2mate.com
1748,sonicwall.com
1749,site.com
1750,hatena.ne.jp
1751,hyatt.com
1752,tide.co
1753,carfax.com
1754,bing.net
1755,narod.ru
1756,drupal.org
1757,ihg.com
1758,sonos.com
1759,threads.net
1760,thoughtco.com
1761,pippio.com
1762,foursquare.com
1763,salesforce-sites.com
1764,capitalone.com
1765,mobilefuse.com
1766,smilewanted.com
1767,jagex.com
1768,mangakakalot.com
1769,foodnetwork.com
1770,hollywoodreporter.com
1771,grafana.com
1772,sikayetvar.com
1773,discovery.com
1774,adidas.com
1775,filmweb.pl
1776,libsyn.com
1777,rosminzdrav.ru
1778,siriusxm.com
1779,vimeocdn.com
1780,google.se
1781,naukri.com
1782,lifehacker.com
1783,rokt.com
1784,daily.co.jp
1785,imageshack.us
1786,cnnbrasil.com.br
1787,stat-rock.com
1788,imf.org
1789,apachefriends.org
1790,ltwebstatic.com
1791,audible.com
1792,masrawy.com
1793,illuminateed.com
1794,ruangguru.com
1795,sonnenbatterie.de
1796,xero.com
1797,kueezrtb.com
1798,applvn.com
1799,an1.com
1800,stake.com
1801,constellix.com
1802,kwai.com
1803,timesbull.com
1804,thedailybeast.com
1805,slashdot.org
1806,venturebeat.com
1807,progressive.com
1808,zistop.com
1809,list.am
1810,dnsimple.com
1811,iubenda.com
1812,virginia.edu
1813,gamespot.com
1814,nymag.com
1815,remaker.ai
1816,elastic.co
1817,itch.io
1818,fsiblog3.club
1819,translate.goog
1820,jimdofree.com
1821,cookiebot.com
1822,uhc.com
1823,crunchyroll.com
1824,secu100.net
1825,thomsonreuters.com
1826,shopifycloud.com
1827,hivemapper.com
1828,polovniautomobili.com
1829,7games.bet
1830,web.dev
1831,ntaonline.in
1832,kde.org
1833,okxxx1.com
1834,sisense.com
1835,livestream.com
1836,podbean.com
1837,congress.gov
1838,ucl.ac.uk
1839,shaalaa.com
1840,mangatoto.org
1841,xn--l3cg7a8a0cwa3f.com
1842,urban-vpn.com
1843,xvideos53.com
1844,last.fm
1845,tvguia.es
1846,bokepindoh.sbs
1847,yammer.com
1848,tamilyogi.red
1849,bigcommerce.com
1850,adsensecustomsearchads.com
1851,ahindian.com
1852,onlar.az
1853,sexybluefilm.com
1854,bigolive.tv
1855,icespay.com
1856,apnaludo.com
1857,pfms.nic.in
1858,rajshaladarpan.nic.in
1859,likee.video
1860,sephora.com
1861,home-assistant.io
1862,treasury.gov
1863,ipinfo.io
1864,mcm.ru
1865,felenasoft.com
1866,woocommerce.com
1867,otvfoco.com.br
1868,vkplay.ru
1869,blog.google
1870,parallels.com
1871,moz.com
1872,technologyreview.com
1873,ad-score.com
1874,sinoptik.ua
1875,google.cz
1876,bitnami.com
1877,freshchat.com
1878,cpi.ad.jp
1879,wistia.com
1880,inmotionhosting.com
1881,midilibre.fr
1882,google.pt
1883,phys.org
1884,aarp.org
1885,sovcombank.ru
1886,hh.ru
1887,hoster.ru
1888,esquire.com
1889,tmz.com
1890,telefonica.de
1891,ipvanish.com
1892,splunk.com
1893,a2hosting.com
1894,digitaltrends.com
1895,mycdn.me
1896,ycombinator.com
1897,seexh.com
1898,paychex.com
1899,cxense.com
1900,robinhood.com
1901,nasdaq.com
1902,epam.com
1903,ably.io
1904,web.de
1905,nydailynews.com
1906,iinet.net.au
1907,ibb.co
1908,google.gr
1909,itau.com.br
1910,treasuredata.com
1911,presage.io
1912,databricks.com
1913,lenovo.com.cn
1914,sbis.ru
1915,semanticscholar.org
1916,rfc-editor.org
1917,citi.com
1918,urldefense.com
1919,zoom.com
1920,emulatorgames.net
1921,animesuge.to
1922,fidelity.com
1923,belkin.com
1924,sotwe.com
1925,shiksha.com
1926,www.gov.cn
1927,elnacional.cat
1928,cbr.ru
1929,about.me
1930,nexon.com
1931,doordash.com
1932,jav.guru
1933,blogspot.co.uk
1934,yutex.ru
1935,mystrikingly.com
1936,bitly.com
1937,united.com
1938,skimresources.com
1939,wa.gov
1940,hover.com
1941,zeit.de
1942,indianexpress.com
1943,stripe.network
1944,your-server.de
1945,usercentrics.eu
1946,osu.edu
1947,git-scm.com
1948,24xxx-x.com
1949,sexalarab.com
1950,pushwoosh.com
1951,google.hu
1952,ovo.id
1953,google.ro
1954,google.co.kr
1955,mathworks.com
1956,padlet.com
1957,cancer.org
1958,uspto.gov
1959,codashop.com
1960,nfl.com
1961,samsclub.com
1962,rutgers.edu
1963,orcid.org
1964,sex4arab.xxx
1965,code42.com
1966,pruffme.com
1967,hootsuite.com
1968,opensource.org
1969,easybrain.com
1970,bu.edu
1971,google.us
1972,instructables.com
1973,alura.com.br
1974,impots.gouv.fr
1975,cosmopolitan.com
1976,nessus.org
1977,fcc.gov
1978,heart.org
1979,ooppgame.com
1980,ztomy.com
1981,excellenth5game.com
1982,animeflv.net
1983,vlr.gg
1984,foxbusiness.com
1985,chron.com
1986,dto.to
1987,yastatic.net
1988,freshdesk.com
1989,uribl.com
1990,generatepress.com
1991,yallakora.com
1992,dnsv1.com.cn
1993,like-manga.net
1994,hotels.com
1995,my-cima.net
1996,braze.eu
1997,yalla-shoot-tv.live
1998,sprinklr.com
1999,abozeb.com
2000,cricbet99.win
2001,argentina.gob.ar
2002,serverdata.net
2003,olympics.com
2004,arbada.com
2005,vogue.com
2006,ning.com
2007,dachicky.com
2008,sex-arabe.com
2009,gulfsexxx.com
2010,librefutbol.su
2011,sexelarab.com
2012,bcs.ru
2013,adguard.com
2014,okxxx2.com
2015,xhdepot.site
2016,alldesiporn.com
2017,angelfire.com
2018,d000d.com
2019,dol.gov
2020,phantomserver.net
2021,1password.com
2022,tizen.org
2023,google.cl
2024,lenlut.tv
2025,arcticwolf.net
2026,flaticon.com
2027,railway.gov.bd
2028,google.com.co
2029,mapquest.com
2030,tubepatrol.cc
2031,gmx.net
2032,lenta.ru
2033,sassa.gov.za
2034,bebesong.com
2035,geny.com
2036,us.com
2037,laser247.online
2038,avito.st
2039,powerbi.com
2040,goodhousekeeping.com
2041,voanews.com
2042,koiantitebas.com
2043,artstation.com
2044,urbandictionary.com
2045,hindixxx.club
2046,novel-online.org
2047,gutenberg.org
2048,ezoicns.com
2049,consumerreports.org
2050,nettruyenhh.com
2051,traveloka.com
2052,serveriai.lt
2053,zenlogic.net
2054,reasonsecurity.com
2055,thawte.com
2056,perl.org
2057,he.net
2058,npmjs.com
2059,verizon.net
2060,welcometothejungle.com
2061,ncsu.edu
2062,localytics.com
2063,app-analytics-services-att.com
2064,al-adtech.com
2065,windy.com
2066,webflow.com
2067,allrecipes.com
2068,armgs.team
2069,arkoselabs.com
2070,tableau.com
2071,intercomcdn.com
2072,ispot.tv
2073,net-line.pro
2074,likeevideo.ru
2075,cell.com
2076,startappservice.com
2077,vfairs.com
2078,aa.com
2079,a-ads.com
2080,nakheelteam.cc
2081,google.com.pe
2082,utah.edu
2083,joomla.org
2084,elle.com
2085,remotepc.com
2086,my-force-user-content.com
2087,ask.com
2088,coe.int
2089,2miners.com
2090,samplicio.us
2091,cvs.com
2092,ethz.ch
2093,gettyimages.com
2094,nokia.com
2095,rottentomatoes.com
2096,bollyflix.nexus
2097,moviesda9.me
2098,brookings.edu
2099,nsw.gov.au
2100,lg.co.kr
2101,trafficjunky.net
2102,dish.com
2103,run.app
2104,accor.com
2105,mpg.de
2106,rumble.com
2107,nettruyenff.com
2108,isaimini.com.sb
2109,ninjarmm.com
2110,weibo.cn
2111,hkppay.com
2112,getyourguide.com
2113,nettruyenee.com
2114,vegamovies.ong
2115,pastebin.com
2116,newtoki331.com
2117,notion.site
2118,france24.com
2119,wpastra.com
2120,theregister.com
2121,jlpt-maja.org.mm
2122,clean.gg
2123,filmyzilla.com.ng
2124,luxmovies.biz
2125,5movierulz.blog
2126,xxxbfvideos.net
2127,xxxbfvideos.org
2128,moviesda9.co
2129,filmyfly.pm
2130,5movierulz.dog
2131,newtoki329.com
2132,broadcom.com
2133,newtoki328.com
2134,hdhub4u.pm
2135,kochava.com
2136,medscape.com
2137,standard.co.uk
2138,so-net.ne.jp
2139,msftstatic.com
2140,asahi.com
2141,sketchfab.com
2142,okx.com
2143,smartsheet.com
2144,usaa.com
2145,moe.video
2146,focus.de
2147,clickup.com
2148,thrtle.com
2149,demandbase.com
2150,undp.org
2151,fbi.gov
2152,ucsb.edu
2153,vrbo.com
2154,iop.org
2155,sydney.edu.au
2156,tubitv.com
2157,xe.com
2158,romarg.com
2159,mintegral.net
2160,boston.com
2161,thousandeyes.com
2162,servicepipe.ru
2163,sbb.ch
2164,cancer.gov
2165,dvr163.com
2166,my-lightning-container.com
2167,duosecurity.com
2168,tenor.com
2169,shutterfly.com
2170,afraid.org
2171,libbyshelf.com
2172,kinopoisk.ru
2173,1drv.ms
2174,nodejs.org
2175,calameo.com
2176,wikidot.com
2177,toyota.com
2178,wufoo.com
2179,kpmg.com
2180,crunchbase.com
2181,boredpanda.com
2182,thehindu.com
2183,drweb.com
2184,streamtheworld.com
2185,ex.co
2186,vanityfair.com
2187,vwgroup.com
2188,icq.com
2189,comodo.com
2190,wustl.edu
2191,sproutsocial.com
2192,huggingface.co
2193,takeaway.com
2194,infojobs.net
2195,system-monitor.com
2196,paramountplus.com
2197,hostpoint.ch
2198,tv40.wiki
2199,walgreens.com
2200,zeasn.tv
2201,schneier.com
2202,softonic.com
2203,page.link
2204,zend.com
2205,nurd.com
2206,google.com.sg
2207,wurl.com
2208,haxx.se
2209,cpan.org
2210,wargaming.net
2211,usembassy.gov
2212,filmyfly.foo
2213,fliphtml5.com
2214,salon.com
2215,bell.ca
2216,texas.gov
2217,toasttab.com
2218,isc.org
2219,faz.net
2220,vt.edu
2221,geico.com
2222,advertising.com
2223,flic.kr
2224,xvideos91.com
2225,keepxh.life
2226,opentable.com
2227,knowbe4.com
2228,cbssports.com
2229,aviasales.ru
2230,greenpeace.org
2231,userway.org
2232,houzz.com
2233,opentrackr.org
2234,tapclap.com
2235,google.com.sa
2236,hubspot.net
2237,thebalancemoney.com
2238,sueddeutsche.de
2239,sex-studentki.ws
2240,bostonglobe.com
2241,createjs.com
2242,heise.de
2243,paypal.me
2244,kahoot.it
2245,ifood.com.br
2246,activision.com
2247,eventbrite.co.uk
2248,zdf.de
2249,gumroad.com
2250,fifa.com
2251,pitt.edu
2252,buzzoola.com
2253,aj1907.online
2254,uscis.gov
2255,jpost.com
2256,gap.com
2257,ovhcloud.com
2258,eeroup.com
2259,aircanada.com
2260,google.dk
2261,nzherald.co.nz
2262,stuff.co.nz
2263,clmbtech.com
2264,google.co.ve
2265,billboard.com
2266,ohchr.org
2267,novell.com
2268,ccc.de
2269,google.co.za
2270,apptentive.com
2271,chase.com
2272,yumpu.com
2273,seekingalpha.com
2274,xhtab4.com
2275,jivox.com
2276,flightradar24.com
2277,bleacherreport.com
2278,upmsp.edu.in
2279,ueiwsp.com
2280,curl.se
2281,outlookindia.com
2282,indiana.edu
2283,clickagy.com
2284,patch.com
2285,cbslocal.com
2286,infolinks.com
2287,ozone.ru
2288,knt9.xyz
2289,redbubble.com
2290,livemint.com
2291,panasonic.com
2292,tubemogul.com
2293,ns1p.net
2294,thefreedictionary.com
2295,ibosscloud.com
2296,xnxx104.com
2297,cricbet99.club
2298,airtable.com
2299,google.fi
2300,zalo.me
2301,xxxbfvideos.cc
2302,brightspace.com
2303,groupon.com
2304,pushimg.com
2305,thingiverse.com
2306,rostelecom.ru
2307,tamilyogi.beer
2308,vercel.app
2309,alexisbima.com
2310,smi2.ru
2311,bokepindoh.today
2312,videolan.org
2313,is.gd
2314,mcdonalds.com
2315,imagemagick.org
2316,deadline.com
2317,ow.ly
2318,lonelyplanet.com
2319,amazon.com.au
2320,liveintent.com
2321,newtoki335.com
2322,cdn.house
2323,google.co.nz
2324,nettruyentt.com
2325,georgetown.edu
2326,unrealengine.com
2327,google.co.il
2328,mcusercontent.com
2329,youronlinechoices.eu
2330,google.ie
2331,archlinux.org
2332,safety.google
2333,timesofisrael.com
2334,mk.ru
2335,timeout.com
2336,cygwin.com
2337,1moviesda.com
2338,feedly.com
2339,newtoki334.com
2340,verywellmind.com
2341,vegamovies.cab
2342,hdhub4u.rsvp
2343,ipcc.ch
2344,sina.com
2345,verywellhealth.com
2346,bocah.pro
2347,mp4moviez.ec
2348,google.com.ph
2349,apnic.net
2350,5movierulz.kids
2351,newtoki333.com
2352,db.com
2353,filmyzilla.lv
2354,newtoki332.com
2355,samsungads.com
2356,bittorrent.com
2357,univie.ac.at
2358,ps.kz
2359,7dakcf.com
2360,rtve.es
2361,contentstack.io
2362,irishtimes.com
2363,mercedes-benz.com
2364,mountain.com
2365,dynect.net
2366,globalnews.ca
2367,likee.com
2368,dtscout.com
2369,over-blog.com
2370,sputniknews.com
2371,zara.com
2372,onaudience.com
2373,caniuse.com
2374,ml314.com
2375,ihc.ru
2376,square.site
2377,500px.com
2378,linecorp.com
2379,storygize.net
2380,appnext.com
2381,ctvnews.ca
2382,nerdwallet.com
2383,4shared.com
2384,wipo.int
2385,uoregon.edu
2386,micpn.com
2387,zapier.com
2388,uefa.com
2389,unsw.edu.au
2390,splunkcloud.com
2391,ekatox.com
2392,gitbook.io
2393,cern.ch
2394,smartclip.net
2395,docusign.net
2396,ahacdn.me
2397,int08h.com
2398,tagesschau.de
2399,unl.edu
2400,netgate.com
2401,space.com
2402,thestar.com
2403,yolasite.com
2404,smugmug.com
2405,hyprmx.com
2406,codepen.io
2407,qualys.com
2408,lastline.com
2409,sendgrid.com
2410,hrw.org
2411,foxsports.com
2412,kkr.com
2413,nobelprize.org
2414,tripadvisor.co.uk
2415,adfox.ru
2416,sba.gov
2417,tutu.ru
2418,ventraip.net.au
2419,siteground.biz
2420,getdropbox.com
2421,gemius.pl
2422,si.com
2423,msnbc.com
2424,wa.link
2425,meta.com
2426,glance-cdn.com
2427,exacttarget.com
2428,formula1.com
2429,pcworld.com
2430,tufts.edu
2431,afrinic.net
2432,google.bg
2433,cdn4image.com
2434,google.sk
2435,abc.es
2436,lavanguardia.com
2437,eurekalert.org
2438,seattletimes.com
2439,usyd.edu.au
2440,google.com.my
2441,xhamsterlive.com
2442,google.com.eg
2443,wasabisys.com
2444,afreecatv.com
2445,ulta.com
2446,bodis.com
2447,caltech.edu
2448,infocyte.com
2449,sfu.ca
2450,ustream.tv
2451,shop.app
2452,planethoster.net
2453,icanhazip.com
2454,aljazeera.net
2455,google.com.pk
2456,sureserver.com
2457,rochester.edu
2458,nhl.com
2459,loom.com
2460,leparisien.fr
2461,gatech.edu
2462,king.com
2463,gotomeeting.com
2464,siteforce.com
2465,samsara.com
2466,porsche.com
2467,insider.com
2468,cvent.com
2469,santander.com.br
2470,kinescopecdn.net
2471,larkplayerapp.com
2472,webflow.io
2473,loopia.se
2474,my.games
2475,affirm.com
2476,esa.int
2477,hgtv.com
2478,merchantlink.com
2479,thestreet.com
2480,geeksforgeeks.org
2481,bahn.de
2482,google.hr
2483,menshealth.com
2484,powerapps.com
2485,rg.ru
2486,themegrill.com
2487,prweb.com
2488,comodoca.com
2489,google.no
2490,google.com.bd
2491,oath.com
2492,msi.com
2493,sciencealert.com
2494,eu.com
2495,shorturl.at
2496,foresee.com
2497,nicovideo.jp
2498,cia.gov
2499,gameloft.com
2500,lin.ee
2501,ahcdn.com
2502,ucoz.net
2503,google.lt
2504,edx.org
2505,uiowa.edu
2506,fastly-insights.com
2507,ovh.com
2508,southwest.com
2509,ubereats.com
2510,samsunghealth.com
2511,telecomsvc.com
2512,dns.pt
2513,wp.me
2514,huffingtonpost.co.uk
2515,spglobal.com
2516,browsiprod.com
2517,insightexpressai.com
2518,intelbras.com.br
2519,netsuite.com
2520,shopee.vn
2521,admixer.net
2522,fema.gov
2523,dalyfeds.com
2524,9gag.com
2525,vrt.be
2526,avg.com
2527,legacy.com
2528,gravitational.io
2529,alexa.com
2530,mcgill.ca
2531,capitaloneshopping.com
2532,razorpay.com
2533,kinghost.com.br
2534,theepochtimes.com
2535,pananames.com
2536,bitmoji.com
2537,justpremium.com
2538,appiancloud.com
2539,celtra.com
2540,channel4.com
2541,mmc.com
2542,snopes.com
2543,instana.io
2544,picsart.com
2545,metmuseum.org
2546,playfamily.ru
2547,tagesspiegel.de
2548,wikisource.org
2549,sape.ru
2550,hybrid.ai
2551,51.la
2552,mimecast.net
2553,zscaler.com
2554,nbcuni.com
2555,tomsguide.com
2556,osha.gov
2557,hosteurope.de
2558,acer.com
2559,northwesternmutual.com
2560,bitrix.info
2561,lse.ac.uk
2562,pypi.org
2563,rainbird.com
2564,computerworld.com
2565,polygon.com
2566,tunein.com
2567,shawcable.net
2568,openxcdn.net
2569,ahrefs.com
2570,xkcd.com
2571,infomaniak.ch
2572,viator.com
2573,thespruce.com
2574,amung.us
2575,uniqlo.com
2576,openldap.org
2577,brown.edu
2578,unep.org
2579,com.com
2580,gimp.org
2581,shopee.ph
2582,media6degrees.com
2583,google.ae
2584,nianticlabs.com
2585,sportradarserving.com
2586,ew.com
2587,wireshark.org
2588,mobileiron.com
2589,finam.ru
2590,infura-ipfs.io
2591,brandmetrics.com
2592,vivintsky.com
2593,porkbun.com
2594,etherscan.io
2595,edmunds.com
2596,drugs.com
2597,vanderbilt.edu
2598,ymmobi.com
2599,study.com
2600,digistorm.com
2601,ourworldindata.org
2602,uscourts.gov
2603,vivox.com
2604,oregonstate.edu
2605,thenextweb.com
2606,next.co.uk
2607,rapidssl.com
2608,js7k.com
2609,surriel.com
2610,leagueoflegends.com
2611,coindesk.com
2612,parastorage.com
2613,hostinger.com
2614,adthrive.com
2615,liberation.fr
2616,theknot.com
2617,proquest.com
2618,video.az
2619,mosyle.com
2620,kagoya.net
2621,sundaysky.com
2622,on.net
2623,cengage.com
2624,runescape.com
2625,umass.edu
2626,yle.fi
2627,superawesome.tv
2628,truoptik.com
2629,telefonica.com
2630,findlaw.com
2631,mercurynews.com
2632,otm-r.com
2633,buzzsprout.com
2634,pinterest.de
2635,tele2.ru
2636,rsc.org
2637,docusign.com
2638,poshmark.com
2639,revenuecat.com
2640,dominos.com
2641,bankrate.com
2642,uga.edu
2643,icio.us
2644,thesaurus.com
2645,schoology.com
2646,redcross.org
2647,pushnami.com
2648,googleoptimize.com
2649,amnesty.org
2650,colorlib.com
2651,google.rs
2652,tailscale.com
2653,postman.com
2654,just-eat.co.uk
2655,verisign.net
2656,news24.com
2657,atl-paas.net
2658,lunalabs.io
2659,oxfordjournals.org
2660,prestashop.com
2661,paypalobjects.com
2662,histats.com
2663,tanium.com
2664,hubapi.com
2665,iseeme.com
2666,man7.org
2667,popsci.com
2668,nicehash.com
2669,note.com
2670,libero.it
2671,studentaid.gov
2672,sprig.com
2673,businessweek.com
2674,browserstack.com
2675,tvtropes.org
2676,elster.de
2677,orf.at
2678,brand-display.com
2679,rei.com
2680,lync.com
2681,ap.org
2682,vanguard.com
2683,indiatoday.in
2684,eagleeyenetworks.com
2685,planfix.com
2686,lua.org
2687,theathletic.com
2688,caranddriver.com
2689,alltrails.com
2690,wordpress.net
2691,profi.ru
2692,immersivelabs.online
2693,firstvds.ru
2694,2gis.ru
2695,ndr.de
2696,victoriassecret.com
2697,statsig.com
2698,pcgamer.com
2699,batch.com
2700,biglobe.ne.jp
2701,yomiuri.co.jp
2702,arduino.cc
2703,anker-in.com
2704,nielsen.com
2705,archdaily.com
2706,ohmy.bid
2707,phpbb.com
2708,imageshack.com
2709,google.kz
2710,ansa.it
2711,snapfish.com
2712,kaltura.com
2713,gm.com
2714,britishairways.com
2715,betterhelp.com
2716,nos.nl
2717,grafana.net
2718,wandera.com
2719,mrf.io
2720,realestate.com.au
2721,blackberry.com
2722,myfitnesspal.com
2723,monash.edu
2724,pghub.io
2725,spreaker.com
2726,insales.ru
2727,piano.io
2728,nordstrom.com
2729,perl.com
2730,similarweb.com
2731,hindawi.com
2732,infogram.com
2733,experian.com
2734,google.by
2735,crazygames.com
2736,mercari.com
2737,betfair.com
2738,iqm.com
2739,popularmechanics.com
2740,clinicaltrials.gov
2741,actcorp.in
2742,lycos.com
2743,wikibooks.org
2744,lifewire.com
2745,skysports.com
2746,soom.la
2747,domru.ru
2748,threatlocker.com
2749,michaels.com
2750,nate.com
2751,dmca.com
2752,mac.com
2753,google.lv
2754,saasexch.com
2755,zenon.net
2756,entergy.com
2757,rte.ie
2758,mindbodyonline.com
2759,hubhc.com
2760,kbb.com
2761,breitbart.com
2762,securly.com
2763,tmdb.org
2764,flipsnack.com
2765,piratbit.fun
2766,alfabank.ru
2767,web.app
2768,nbc.com
2769,travelaudience.com
2770,surbl.org
2771,seek.com.au
2772,wallpapers.com
2773,statsigapi.net
2774,facemojikeyboard.com
2775,greenhouse.io
2776,wynd.network
2777,williamhill.com
2778,bitwarden.com
2779,aidemsrv.com
2780,cookieyes.com
2781,customer.io
2782,ripe.net
2783,bstatic.com
2784,logmein.com
2785,defense.gov
2786,google.si
2787,theregister.co.uk
2788,barrons.com
2789,mulesoft.com
2790,straitstimes.com
2791,binance.info
2792,google.co.cr
2793,bell-labs.com
2794,abtasty.com
2795,abril.com.br
2796,hotmart.com
2797,udel.edu
2798,kbz0pwvxmv.com
2799,virginia.gov
2800,domain.com
2801,answers.com
2802,aeroflot.ru
2803,joyn.de
2804,unhcr.org
2805,dallasnews.com
2806,japantimes.co.jp
2807,mimt.gov.ir
2808,harpersbazaar.com
2809,metlife.com
2810,miamiherald.com
2811,federalregister.gov
2812,cricketwireless.com
2813,google.com.ec
2814,ultimate-guitar.com
2815,pokemon.com
2816,trulia.com
2817,bedbathandbeyond.com
2818,familysearch.org
2819,shopee.tw
2820,iastate.edu
2821,ucsf.edu
2822,cloudappsecurity.com
2823,rusprofile.ru
2824,grindr.com
2825,spamcop.net
2826,gamesradar.com
2827,iea.org
2828,tesco.com
2829,thekitchn.com
2830,moovitapp.com
2831,atlasobscura.com
2832,tinder.com
2833,emojipedia.org
2834,dickssportinggoods.com
2835,howtogeek.com
2836,google.com.do
2837,newsbreak.com
2838,justia.com
2839,connectad.io
2840,techsmith.com
2841,coca-cola.com
2842,raspberrypi.org
2843,opensea.io
2844,eonline.com
2845,ko-fi.com
2846,tmweb.ru
2847,mobiusltd.com
2848,colostate.edu
2849,nj.com
2850,garant.ru
2851,google.ee
2852,pbskids.org
2853,mojohost.com
2854,sonnen.de
2855,medtronic.com
2856,worldcat.org
2857,visualwebsiteoptimizer.com
2858,google.com.gt
2859,betcity.ru
2860,dotmetrics.net
2861,box.net
2862,monday.com
2863,iu.edu
2864,ziprecruiter.com
2865,pchome.com.tw
2866,snowflake.com
2867,braze-images.com
2868,unfccc.int
2869,google.ba
2870,washingtontimes.com
2871,zaloapp.com
2872,depositphotos.com
2873,pa.gov
2874,backblazeb2.com
2875,cdnwidget.com
2876,otzovik.com
2877,grammarly.net
2878,dnacdn.net
2879,titelmax.com
2880,galepush.net
2881,sliide.cloud
2882,zerocdn.com
2883,matomo.org
2884,cyberark.com
2885,bustle.com
2886,worldometers.info
2887,senderscore.com
2888,foreignpolicy.com
2889,google.com.uy
2890,abb.com
2891,spectrum.net
2892,uwaterloo.ca
2893,mediawiki.org
2894,cms.gov
2895,barracuda.com
2896,reverbnation.com
2897,google.lk
2898,easyjet.com
2899,volkswagen.de
2900,expressapisv2.net
2901,iq.com
2902,google.ge
2903,macrumors.com
2904,openweathermap.org
2905,reolink.com
2906,bitrix24.com
2907,eurodns.com
2908,bbcgoodfood.com
2909,draftkings.com
2910,envato.com
2911,namecheap.com
2912,fin.ag
2913,fraunhofer.de
2914,proton.me
2915,usmagazine.com
2916,blogspot.de
2917,google.com.pr
2918,govdelivery.com
2919,apple.co
2920,infobip.com
2921,dailyinnovation.biz
2922,google.com.np
2923,eatingwell.com
2924,snapcraft.io
2925,metoffice.gov.uk
2926,hotornot.com
2927,google.co.ma
2928,pub.network
2929,politico.eu
2930,poe.com
2931,softbank.jp
2932,starlink.com
2933,searchengineland.com
2934,dreamstime.com
2935,google.dz
2936,aralego.com
2937,ardmediathek.de
2938,byu.edu
2939,usabilla.com
2940,charter.com
2941,datastax.com
2942,google.com.ng
2943,smu.edu.sg
2944,hubpages.com
2945,r01.ru
2946,statefarm.com
2947,aftonbladet.se
2948,teacherspayteachers.com
2949,the-sun.com
2950,venmo.com
2951,unam.mx
2952,google.jo
2953,google.com.sv
2954,google.co.uz
2955,hoyolab.com
2956,rapepush.net
2957,immobilienscout24.de
2958,buffer.com
2959,flightaware.com
2960,homestead.com
2961,startribune.com
2962,prreqcroab.icu
2963,google.com.py
2964,aliexpress.ru
2965,priceline.com
2966,travelandleisure.com
2967,collinsdictionary.com
2968,morningstar.com
2969,gaijin.net
2970,google.com.bo
2971,vseinstrumenti.ru
2972,tapjoyads.com
2973,tns-counter.ru
2974,matillion.com
2975,clicktripz.com
2976,smallpdf.com
2977,replit.com
2978,threema.ch
2979,websupport.sk
2980,chosun.com
2981,openoffice.org
2982,withbuddies.com
2983,lnk.to
2984,utdallas.edu
2985,omnatuor.com
2986,supapush.net
2987,mktoresp.com
2988,jwpsrv.com
2989,rediff.com
2990,alarabiya.net
2991,business-standard.com
2992,google.co.ke
2993,onefootball.com
2994,meb.gov.tr
2995,liveinternet.ru
2996,blogspot.ca
2997,mynavi.jp
2998,boeing.com
2999,rome2rio.com
3000,uq.edu.au
3001,arnebrachhold.de
3002,federalreserve.gov
3003,banki.ru
3004,ualberta.ca
3005,symphony.com
3006,retargetly.com
3007,backblaze.com
3008,iowa.gov
3009,kku.ac.th
3010,zazzle.com
3011,nbcsports.com
3012,squid-cache.org
3013,thestar.com.my
3014,lufthansa.com
3015,bluecava.com
3016,fireeye.com
3017,brevo.com
3018,google.iq
3019,google.ci
3020,google.is
3021,routledge.com
3022,mainichi.jp
3023,cwi.nl
3024,cafe24.com
3025,google.lu
3026,rtl.de
3027,google.as
3028,nrk.no
3029,google.com.lb
3030,gotoassist.com
3031,k8s.io
3032,ensighten.com
3033,dnevnik.ru
3034,volusion.com
3035,nic.io
3036,pscp.tv
3037,transcend.io
3038,liveabout.com
3039,lululemon.com
3040,terabox.com
3041,google.com.kh
3042,aif.ru
3043,tinypic.com
3044,everydayhealth.com
3045,google.am
3046,aaa.com
3047,google.bs
3048,nalog.ru
3049,rttv.ru
3050,icloud.com.cn
3051,dmm.com
3052,google.cm
3053,google.az
3054,fujitsu.com
3055,convertkit.com
3056,blackrock.com
3057,dmcdn.net
3058,google.md
3059,google.mn
3060,google.cat
3061,mheducation.com
3062,gnome.org
3063,google.com.pa
3064,w.org
3065,marksandspencer.com
3066,denverpost.com
3067,derstandard.at
3068,google.tn
3069,google.com.om
3070,getadblock.com
3071,google.com.mt
3072,swannsecurity.com
3073,transip.nl
3074,ruijienetworks.com
3075,litres.ru
3076,campaign-archive.com
3077,elespanol.com
3078,google.co.mz
3079,google.ad
3080,vapp-servers.com
3081,google.hn
3082,google.co.bw
3083,google.cf
3084,infomaniak.com
3085,chewy.com
3086,boutell.com
3087,brinkpos.net
3088,mo.gov
3089,coogoanu.net
3090,google.com.qa
3091,boutell.co.uk
3092,google.com.gi
3093,google.com.ag
3094,google.com.jm
3095,google.bi
3096,google.com.cu
3097,cargurus.com
3098,selectel.ru
3099,realme.com
3100,doxygen.nl
3101,google.com.ly
3102,rozetka.com.ua
3103,apkpure.com
3104,elconfidencial.com
3105,proof-dns.com
3106,ladsp.com
3107,purl.org
3108,poznan.pl
3109,google.com.ni
3110,guardingvision.com
3111,techrepublic.com
3112,handelsblatt.com
3113,neilpatel.com
3114,wondershare.com
3115,peatix.com
3116,google.gg
3117,mariadb.org
3118,findagrave.com
3119,google.kg
3120,riskified.com
3121,gazeta.pl
3122,pingone.com
3123,angi.com
3124,lastampa.it
3125,google.com.bh
3126,google.dm
3127,pardot.com
3128,nd.edu
3129,sb-cd.com
3130,termsfeed.com
3131,livechat.com
3132,google.com.na
3133,ebay.com.au
3134,google.cg
3135,google.com.kw
3136,userreport.com
3137,google.cd
3138,google.com.gh
3139,thunderbird.net
3140,parade.com
3141,withings.net
3142,google.co.zm
3143,google.com.et
3144,google.co.ug
3145,turbosquid.com
3146,google.sc
3147,stern.de
3148,zlib.net
3149,google.com.bz
3150,google.fm
3151,siemens.de
3152,google.com.mm
3153,tradedoubler.com
3154,google.co.ck
3155,prodigygame.com
3156,google.mu
3157,mastodon.social
3158,google.com.ai
3159,kick.com
3160,uconn.edu
3161,nyt.com
3162,google.ps
3163,csmonitor.com
3164,premierleague.com
3165,google.co.ls
3166,wise.com
3167,leetcode.com
3168,softpedia.com
3169,macomnet.ru
3170,tomshardware.com
3171,google.ml
3172,wired.co.uk
3173,bitget.com
3174,tf1.fr
3175,dyn.com
3176,google.mw
3177,google.sn
3178,shopee.co.th
3179,google.cv
3180,scoop.it
3181,google.so
3182,google.ms
3183,zoominfo.com
3184,parkingcrew.net
3185,aviasales.com
3186,google.com.bn
3187,google.co.tz
3188,awin1.com
3189,detik.com
3190,google.bf
3191,tinkercad.com
3192,msu.ru
3193,google.co.ao
3194,oaistatic.com
3195,google.tt
3196,svt.se
3197,uberinternal.com
3198,gist.build
3199,economictimes.com
3200,hotstar.com
3201,skyscanner.net
3202,google.tk
3203,insurads.com
3204,google.pn
3205,google.li
3206,google.rw
3207,whiteops.com
3208,google.co.vi
3209,fireoscaptiveportal.com
3210,pstatic.net
3211,google.com.sl
3212,mywot.com
3213,jivosite.com
3214,tnaflix.com
3215,google.nr
3216,google.ki
3217,google.mk
3218,emarketer.com
3219,raiffeisen.ru
3220,ahagamecenter.com
3221,google.mv
3222,surfnet.nl
3223,vivo.com.br
3224,google.bj
3225,google.la
3226,google.ws
3227,pepepush.net
3228,etc.uz
3229,popsugar.com
3230,treehugger.com
3231,google.al
3232,google.com.cy
3233,sina.cn
3234,rice.edu
3235,legislation.gov.uk
3236,google.td
3237,20minutes.fr
3238,google.co.zw
3239,pagesix.com
3240,dexscreener.com
3241,rfi.fr
3242,google.com.af
3243,google.vg
3244,google.gl
3245,google.dj
3246,google.ht
3247,google.com.vc
3248,blackspider.com
3249,google.tm
3250,farfetch.com
3251,lsu.edu
3252,teleparty.com
3253,google.gm
3254,afterpay.com
3255,staples.com
3256,ibtimes.com
3257,searchenginejournal.com
3258,mysterium.network
3259,google.vu
3260,vistaprint.com
3261,google.sh
3262,feednews.com
3263,ama-assn.org
3264,paytm.com
3265,infura.io
3266,eia.gov
3267,google.sm
3268,google.tg
3269,hihonor.com
3270,yandex-team.ru
3271,doxygen.org
3272,bongacams.com
3273,google.com.sb
3274,paycomonline.net
3275,getepic.com
3276,google.im
3277,savefrom.net
3278,google.je
3279,ajax.systems
3280,ebscohost.com
3281,google.com.fj
3282,justgiving.com
3283,google.gy
3284,marinetraffic.com
3285,pingdom.net
3286,list-manage1.com
3287,google.mg
3288,batmanapollo.ru
3289,gamestop.com
3290,crypto.com
3291,sofascore.com
3292,domaintools.com
3293,mojang.com
3294,quantcast.com
3295,google.st
3296,google.gp
3297,google.nu
3298,lever.co
3299,six-group.com
3300,nsf.gov
3301,arcpublishing.com
3302,newegg.com
3303,nationalacademies.org
3304,collider.com
3305,google.ne
3306,opensuse.org
3307,uic.edu
3308,jagnoans.com
3309,shopee.sg
3310,hostia.name
3311,hetzner.com
3312,reference.com
3313,speedtestcustom.com
3314,e-recht24.de
3315,todoist.com
3316,google.me
3317,made-in-china.com
3318,wetteronline.de
3319,google.bt
3320,google.com.pg
3321,propublica.org
3322,getgreenshot.org
3323,lunamedia.live
3324,survicate.com
3325,webrootanywhere.com
3326,google.tl
3327,google.com.tj
3328,zotero.org
3329,glip.com
3330,makeuseof.com
3331,flingo.tv
3332,in.gov
3333,i-ready.com
3334,sketchup.com
3335,lazada.com.ph
3336,europapress.es
3337,cldin.eu
3338,trafficjunky.com
3339,lazada.co.id
3340,google.to
3341,nationalarchives.gov.uk
3342,buzzfeednews.com
3343,mailerlite.com
3344,justpaste.it
3345,tractorsupply.com
3346,fox.com
3347,nj.gov
3348,eldiario.es
3349,newgrounds.com
3350,lyft.com
3351,iso.ch
3352,vizio.com
3353,indeed.tech
3354,pravda.ru
3355,mediaset.it
3356,aliexpress.us
3357,redis.io
3358,pch.com
3359,razerzone.com
3360,azcentral.com
3361,thinkwithgoogle.com
3362,google.ga
3363,cloudflarestatus.com
3364,allianz.de
3365,tappx.com
3366,fnac.com
3367,rivals.com
3368,websense.com
3369,cnil.fr
3370,magento.cloud
3371,f2pool.com
3372,lequipe.fr
3373,postimg.cc
3374,pbase.com
3375,microfocus.com
3376,bouncex.net
3377,castbox.fm
3378,nespresso.com
3379,moloco.com
3380,home.blog
3381,memcached.org
3382,ada.support
3383,dartmouth.edu
3384,shrm.org
3385,worldtimeserver.com
3386,1cv8update.com
3387,upi.com
3388,exodus.io
3389,jedox.com
3390,google.com.nf
3391,eclipse.org
3392,boingboing.net
3393,cars.com
3394,self.com
3395,shareasale.com
3396,hellomagazine.com
3397,britishcouncil.org
3398,nationalpost.com
3399,videoamp.com
3400,bhg.com
3401,kxcdn.com
3402,cymru.com
3403,pcre.org
3404,cylance.com
3405,heytapimg.com
3406,rosneft.ru
3407,booth.pm
3408,syncthing.net
3409,icicibank.com
3410,mtv.com
3411,actionverb.com
3412,algolianet.com
3413,warthunder.com
3414,zohopublic.com
3415,ucsc.edu
3416,pb.com
3417,boardgamegeek.com
3418,narvar.com
3419,formstack.com
3420,copart.com
3421,eater.com
3422,easydns.com
3423,freshworks.com
3424,upstart.com
3425,bethesda.net
3426,southernliving.com
3427,lazada.com
3428,moma.org
3429,newsroom.bi
3430,swishapps.ai
3431,siue.edu
3432,zee5.com
3433,health.com
3434,samsungmax.com
3435,razer.com
3436,gq-magazine.co.uk
3437,fitanalytics.com
3438,poste.it
3439,aig.com
3440,gzip.org
3441,mass.gov
3442,br.de
3443,itmedia.co.jp
3444,torproject.org
3445,sfr.fr
3446,rba.gov.au
3447,cointelegraph.com
3448,tildacdn.com
3449,kandji.io
3450,wordfence.com
3451,dhgate.com
3452,playtika.com
3453,yandex.by
3454,merchant-center-analytics.goog
3455,kijiji.ca
3456,www.gov.pl
3457,tcgplayer.com
3458,nuance.com
3459,bidease.com
3460,womenshealthmag.com
3461,apachelounge.com
3462,smashingmagazine.com
3463,rd.com
3464,rustdesk.com
3465,msdn.com
3466,mihanwebhost.com
3467,sndcdn.com
3468,ebay.ca
3469,knowyourmeme.com
3470,buffalo.edu
3471,invisalign.com
3472,365scores.com
3473,247sports.com
3474,correios.com.br
3475,hyundai.com
3476,just-eat.com
3477,mediarithmics.com
3478,yieldlab.net
3479,nber.org
3480,ghostery.com
3481,tbs.co.jp
3482,hatenablog.com
3483,freep.com
3484,resetdigital.co
3485,babybus.com
3486,zillowstatic.com
3487,hardened-php.net
3488,eufylife.com
3489,microsoft365.com
3490,pushpong.net
3491,global-e.com
3492,lalapush.com
3493,desync.com
3494,kingsgroupgames.com
3495,harborfreight.com
3496,usertesting.com
3497,autotrader.com
3498,ocn.ne.jp
3499,stitcher.com
3500,scopus.com
3501,michigan.gov
3502,allianz.com
3503,linkr.bio
3504,skwstat.ru
3505,habr.com
3506,su89-cdn.net
3507,globalsign.net
3508,blackboard.com
3509,usp.br
3510,eur.nl
3511,xmlsoft.org
3512,preply.com
3513,refinery29.com
3514,prtimes.jp
3515,mentalfloss.com
3516,freedesktop.org
3517,gopsahome.info
3518,gboxlab.com
3519,kia.com
3520,dazn.com
3521,accompany.com
3522,tvpixel.com
3523,desmos.com
3524,lexisnexis.com
3525,mendixcloud.com
3526,coursehero.com
3527,pushy.io
3528,therealreal.com
3529,indeed.net
3530,petfinder.com
3531,skynet.be
3532,monster.com
3533,producthunt.com
3534,ehow.com
3535,onlamp.com
3536,elementor.com
3537,atfn.ru
3538,freetype.org
3539,amazon.nl
3540,ngs.ru
3541,weightwatchers.com
3542,cableone.net
3543,netlify.com
3544,rit.edu
3545,viglink.com
3546,turnitin.com
3547,scholastic.com
3548,theage.com.au
3549,20min.ch
3550,heroku.com
3551,we.tl
3552,gmu.edu
3553,webengage.com
3554,ivideon.com
3555,imperial.ac.uk
3556,uu.nl
3557,kayak.com
3558,goethe.de
3559,slickdeals.net
3560,siteground.us
3561,go2cloud.org
3562,grab.com
3563,sharechat.com
3564,blogspot.com.es
3565,acast.com
3566,zyxel.com
3567,dyndns.com
3568,cntraveler.com
3569,cpanel.com
3570,looker.com
3571,mercadopago.com
3572,samhsa.gov
3573,pinduoduo.com
3574,partner.co.il
3575,suntimes.com
3576,goodrx.com
3577,pearson.com
3578,eltiempo.com
3579,msdmanuals.com
3580,virustotal.com
3581,tritondigital.com
3582,bcg.com
3583,uh.edu
3584,bible.com
3585,streamable.com
3586,haaretz.com
3587,carrd.co
3588,g0-g3t-msg.net
3589,ubs.com
3590,ohio.gov
3591,tiny.cc
3592,tp-staging.com
3593,powerplatform.com
3594,adserv.ai
3595,crcldu.com
3596,tradingeconomics.com
3597,enlightenment.org
3598,exitgames.com
3599,chrome.com
3600,khaleejtimes.com
3601,vzmessages.com
3602,filezilla-project.org
3603,channelnewsasia.com
3604,gdms.cloud
3605,quad9.net
3606,rae.es
3607,uw.edu
3608,teachable.com
3609,mca.gov.in
3610,dnaindia.com
3611,groupme.com
3612,xham.live
3613,wolfram.com
3614,royalsocietypublishing.org
3615,lfstrm.tv
3616,lazada.sg
3617,respawn.com
3618,tru.am
3619,vulture.com
3620,axis.com
3621,dr.dk
3622,youversionapi.com
3623,real.com
3624,publpush.com
3625,arte.tv
3626,bradesco.com.br
3627,manchestereveningnews.co.uk
3628,zappos.com
3629,baltimoresun.com
3630,gopro.com
3631,eurosport.com
3632,signupgenius.com
3633,genial.ly
3634,sage.com
3635,modsecurity.org
3636,walmart.ca
3637,go-g3t-push.net
3638,cash.app
3639,lightboxcdn.com
3640,snackvideo.com
3641,1337x.to
3642,justwatch.com
3643,scotiabank.com
3644,ropro.io
3645,etahub.com
3646,megaphone.fm
3647,yr.no
3648,emirates.com
3649,qvdt3feo.com
3650,athemes.com
3651,psychcentral.com
3652,carnival.com
3653,uky.edu
3654,theplatform.com
3655,codecademy.com
3656,mangadex.org
3657,chime.aws
3658,gazeta.ru
3659,afafb.com
3660,missouri.edu
3661,barracudanetworks.com
3662,tpbid.com
3663,homes.com
3664,itunes.com
3665,eluniversal.com.mx
3666,wizzair.com
3667,microsoftcasualgames.com
3668,runnet.ru
3669,aclu.org
3670,jampp.com
3671,3m.com
3672,td.com
3673,sleepycat.com
3674,yandex.com.tr
3675,athenahealth.com
3676,telenet.be
3677,securedvisit.com
3678,metamask.io
3679,benzinga.com
3680,mercadopago.com.br
3681,sandiegouniontribune.com
3682,sicredi.com.br
3683,overleaf.com
3684,navdmp.com
3685,jivo.ru
3686,spanishdict.com
3687,logi.com
3688,blick.ch
3689,virtualbox.org
3690,ijg.org
3691,estadao.com.br
3692,kahoot.com
3693,abc.com
3694,apptimize.com
3695,megagroup.ru
3696,tutorialspoint.com
3697,ecobee.com
3698,serverwatch.com
3699,canadiantire.ca
3700,goto.com
3701,spribegaming.com
3702,pp.ua
3703,documentcloud.org
3704,manageengine.com
3705,cisa.gov
3706,vidyard.com
3707,autoscout24.de
3708,jwplatform.com
3709,oregonlive.com
3710,blismedia.com
3711,phonefactor.net
3712,marketo.com
3713,realsimple.com
3714,thetrainline.com
3715,lamdong.gov.vn
3716,smooch.io
3717,ucr.edu
3718,codedish.co
3719,safeway.com
3720,perplexity.ai
3721,proxmox.com
3722,dialoguecorp.com
3723,stocrm.ru
3724,eleconomista.es
3725,radiofrance.fr
3726,apartments.com
3727,qvc.com
3728,pravda.com.ua
3729,dailystar.co.uk
3730,sedoparking.com
3731,lapresse.ca
3732,asda.com
3733,corel.com
3734,d-net.pro
3735,webtoons.com
3736,aj2396.online
3737,blogspot.fr
3738,videonow.ru
3739,alamy.com
3740,boe.es
3741,amazon.ae
3742,pp.ru
3743,mathway.com
3744,passfixx.com
3745,cleverwebserver.com
3746,royalmail.com
3747,lesechos.fr
3748,serasa.com.br
3749,chromium.org
3750,shopee.com.my
3751,myworkday.com
3752,coches.net
3753,yandex.kz
3754,paddypower.com
3755,marthastewart.com
3756,financialexpress.com
3757,komoot.de
3758,fotocasa.es
3759,cam4.com
3760,signalr.net
3761,timesnownews.com
3762,meteofrance.com
3763,cnr.it
3764,kotaku.com
3765,register.it
3766,francebleu.fr
3767,tdameritrade.com
3768,bentley.com
3769,wassenaar.org
3770,appfolio.com
3771,aptoide.com
3772,tacobell.com
3773,telia.com
3774,mlive.com
3775,snowflakecomputing.com
3776,fotor.com
3777,flat-ads.com
3778,pressreader.com
3779,au.com
3780,komoju.com
3781,emulab.net
3782,johnlewis.com
3783,cbr.com
3784,dhl.de
3785,vecteezy.com
3786,ajc.com
3787,gsu.edu
3788,buienradar.nl
3789,cadenaser.com
3790,mxplay.com
3791,dealertrack.com
3792,mullvad.net
3793,ifconfig.io
3794,zerohedge.com
3795,wb.com
3796,gigaset.net
3797,casasbahia.com.br
3798,a47b.com
3799,cdn-tinkoff.ru
3800,voximplant.com
3801,sleepfoundation.org
3802,webnode.com
3803,hwg.org
3804,op.gg
3805,france.tv
3806,krushmedia.com
3807,guzelhosting.com
3808,cbs.com
3809,military.com
3810,rebrand.ly
3811,inquirer.com
3812,ssl.com
3813,flixcdn.com
3814,royalcaribbean.com
3815,sardine.ai
3816,dnsexit.com
3817,ora.com
3818,sportingnews.com
3819,wikiquote.org
3820,mintegral.com
3821,incognia.com
3822,dnspod.com
3823,chinanews.com
3824,wetter.com
3825,interfax.ru
3826,spbtv.com
3827,fas.org
3828,lulu.com
3829,biblehub.com
3830,long.tv
3831,panorama9.com
3832,adskeeper.com
3833,amazonsilk.com
3834,linewize.net
3835,pdflib.com
3836,kicker.de
3837,veeam.com
3838,salesloft.com
3839,onrender.com
3840,lolesports.com
3841,honey.io
3842,farpost.ru
3843,windowsphone.com
3844,utah.gov
3845,7-zip.org
3846,bleepingcomputer.com
3847,zoomgov.com
3848,getpostman.com
3849,web.com
3850,mobfox.com
3851,doodle.com
3852,thenews.com.pk
3853,thescore.com
3854,ebay.fr
3855,degruyter.com
3856,warwick.ac.uk
3857,milanuncios.com
3858,hola.org
3859,js.org
3860,google.sr
3861,trkn.us
3862,control4.com
3863,ncaa.com
3864,motherjones.com
3865,reclameaqui.com.br
3866,dome9.com
3867,apache-ssl.org
3868,fr.de
3869,tudelft.nl
3870,xxx.com
3871,8x8.com
3872,amazon.se
3873,idrive.com
3874,mexc.com
3875,tripadvisor.in
3876,krone.at
3877,adtarget.com.tr
3878,rutracker.org
3879,mamba.ru
3880,niceincontact.com
3881,discovermagazine.com
3882,apartmenttherapy.com
3883,quip.com
3884,bluestacks.com
3885,banahosting.com
3886,prom.ua
3887,freewebs.com
3888,skechers.com
3889,sprint.com
3890,lgdacom.net
3891,gitee.com
3892,devline.tv
3893,citigroup.com
3894,etrade.com
3895,allocine.fr
3896,nationalgeographic.org
3897,myway.com
3898,walletconnect.com
3899,justanswer.com
3900,theweathernetwork.com
3901,newsmax.com
3902,homeadvisor.com
3903,16personalities.com
3904,wolframalpha.com
3905,nag.ru
3906,ameli.fr
3907,cloudtrax.com
3908,esecured.net
3909,wunderkind.co
3910,shazam.com
3911,packagist.org
3912,researchnow.com
3913,zomato.com
3914,exoclick.com
3915,idealo.de
3916,walmart.com.mx
3917,miami.edu
3918,bathandbodyworks.com
3919,apps.chrome
3920,jal.co.jp
3921,lilly.com
3922,livestrong.com
3923,keenetic.link
3924,soinluck.com
3925,abbott.com
3926,nato.int
3927,liebertpub.com
3928,cafepress.com
3929,recruit.co.jp
3930,postman.co
3931,dler.org
3932,zayo.com
3933,stockx.com
3934,sbs.com.au
3935,adsbynimbus.com
3936,dezeen.com
3937,dxc.com
3938,inews.co.uk
3939,tripadvisor.fr
3940,asm.org
3941,powerschool.com
3942,webnovel.com
3943,kommersant.ru
3944,kucoin.com
3945,turbify.com
3946,buymeacoffee.com
3947,iftnet.com.br
3948,lothar.com
3949,handle.net
3950,sports.ru
3951,uvfuns.com
3952,myportfolio.com
3953,brainpop.com
3954,gta5-mods.com
3955,examiner.com
3956,theintercept.com
3957,unicode.org
3958,1984.is
3959,biorxiv.org
3960,elcomercio.pe
3961,lookmovie2.to
3962,foodandwine.com
3963,17track.net
3964,birminghammail.co.uk
3965,adtidy.org
3966,cpmstar.com
3967,lazada.co.th
3968,fextralife.com
3969,sudouest.fr
3970,laravel.com
3971,zoho.eu
3972,gla.ac.uk
3973,brainly.com
3974,acehardware.com
3975,smule.com
3976,larazon.es
3977,aps.org
3978,informer.com
3979,autozone.com
3980,biography.com
3981,afip.gob.ar
3982,ghost.org
3983,linternaute.com
3984,tango.me
3985,amazon.sa
3986,cloudflarestorage.com
3987,architecturaldigest.com
3988,tenor.co
3989,honda.com
3990,lu.se
3991,shodan.io
3992,rustore.ru
3993,sense.com
3994,news-medical.net
3995,rudderlabs.com
3996,scotsman.com
3997,baomoi.com
3998,termly.io
3999,underarmour.com
4000,tim.it
4001,cbp.gov
4002,puma.com
4003,nme.com
4004,ku.edu
4005,thecut.com
4006,swagbucks.com
4007,gitlab.io
4008,tagged.com
4009,maryland.gov
4010,betrad.com
4011,segmento.ru
4012,meteoblue.com
4013,getpublica.com
4014,cronolog.org
4015,latamairlines.com
4016,glamour.com
4017,quicksetcloud.com
4018,hdfcbank.com
4019,gumtree.com
4020,wto.org
4021,hellothere.com
4022,blender.org
4023,musescore.com
4024,powerreviews.com
4025,wwd.com
4026,easports.com
4027,playbattlegrounds.com
4028,bzsn.ru
4029,leagueofgraphs.com
4030,dailykos.com
4031,farlightgames.com
4032,syr.edu
4033,gotostage.com
4034,eventim.de
4035,srf.ch
4036,govinfo.gov
4037,y8.com
4038,tv2.no
4039,lifehack.org
4040,public.gr
4041,discover.com
4042,itasoftware.com
4043,rubrik.com
4044,hola.com
4045,thinkific.com
4046,simply.com
4047,rand.org
4048,dn.se
4049,mvideo.ru
4050,uio.no
4051,deccanherald.com
4052,tripadvisor.es
4053,concursolutions.com
4054,databank.com
4055,sfchronicle.com
4056,guinnessworldrecords.com
4057,aap.org
4058,newatlas.com
4059,unian.net
4060,biglots.com
4061,newrepublic.com
4062,visualcapitalist.com
4063,gutefrage.net
4064,freebitco.in
4065,ahnlab.com
4066,parents.com
4067,megamarket.ru
4068,nationalreview.com
4069,novinky.cz
4070,observer.com
4071,amtrak.com
4072,nieuwsblad.be
4073,apkpure.net
4074,adage.com
4075,cmbchina.com
4076,sling.com
4077,cargill.com
4078,3ds.com
4079,aetna.com
4080,gencat.cat
4081,blogs.com
4082,badoocdn.com
4083,mssm.edu
4084,liquidweb.com
4085,dropcam.com
4086,videoplayerhub.com
4087,vietnamnet.vn
4088,stealth.si
4089,thomann.de
4090,deltadna.net
4091,xs4all.nl
4092,directv.com
4093,f-secure.com
4094,apachehaus.com
4095,now.gg
4096,helsinki.fi
4097,convertio.co
4098,moodle.com
4099,wsj.net
4100,registry.in
4101,vodafone.com
4102,redcdn.pl
4103,ravelry.com
4104,bereal.com
4105,airdroid.com
4106,civicscience.com
4107,godaddysites.com
4108,giga.de
4109,ltn.com.tw
4110,value-domain.com
4111,yospace.com
4112,drive2.ru
4113,vidverto.io
4114,epfl.ch
4115,amazon.pl
4116,thebalance.com
4117,emol.com
4118,mercadolibre.cl
4119,9to5mac.com
4120,pfizer.com
4121,stripchatgirls.com
4122,deere.com
4123,wdr.de
4124,pagesjaunes.fr
4125,doctolib.fr
4126,forrester.com
4127,aihelp.net
4128,chinatimes.com
4129,frameo.net
4130,fubo.tv
4131,cleveland.com
4132,emerald.com
4133,blendlabs.com
4134,paylocity.com
4135,transmissionbt.com
4136,vedomosti.ru
4137,lightinthebox.com
4138,delicious.com
4139,unacademy.com
4140,swiggy.com
4141,sbnation.com
4142,vine.co
4143,bayern.de
4144,turner.com
4145,se.com
4146,healthcare.gov
4147,calculator.net
4148,moneysupermarket.com
4149,meetme.com
4150,hostmonster.com
4151,rainews.it
4152,metal-archives.com
4153,shell.com
4154,telewebion.com
4155,telekom.hu
4156,okezone.com
4157,zing.vn
4158,cloudways.com
4159,bartleby.com
4160,usbank.com
4161,avid.com
4162,python.ca
4163,webstaurantstore.com
4164,dji.com
4165,supremecourt.gov
4166,sweetwater.com
4167,xataka.com
4168,kraken.com
4169,timesonline.co.uk
4170,accountkit.com
4171,zog.link
4172,capgemini.com
4173,c6gj-static.net
4174,utk.edu
4175,mtb.com
4176,fashionnova.com
4177,geocaching.com
4178,hs.fi
4179,hbomax.com
4180,yorku.ca
4181,mux.com
4182,obozrevatel.com
4183,nv.ua
4184,sberbank-tele.com
4185,mypurecloud.com
4186,ionos.de
4187,oecd-ilibrary.org
4188,stlouisfed.org
4189,mehrnews.com
4190,tripadvisor.it
4191,emarsys.net
4192,coxautoinc.com
4193,lmco.com
4194,cuhk.edu.hk
4195,basecamp.com
4196,agenziaentrate.gov.it
4197,amazonses.com
4198,cio.com
4199,imagemagick.com
4200,irna.ir
4201,bidvol.com
4202,gamebanana.com
4203,origin.com
4204,esportesdasorte.com
4205,maxpreps.com
4206,wyndhamhotels.com
4207,nic.cz
4208,chefkoch.de
4209,gsa.gov
4210,timeshighereducation.com
4211,thegamer.com
4212,abercrombie.com
4213,sky.it
4214,e-mark.nl
4215,ig.com.br
4216,delfi.lt
4217,fontanka.ru
4218,thenation.com
4219,fivethirtyeight.com
4220,gucci.com
4221,manualslib.com
4222,siol.net
4223,deepai.org
4224,aminoapps.com
4225,trenitalia.com
4226,rb.gy
4227,rentalcars.com
4228,raiplay.it
4229,readthedocs.org
4230,ntp.br
4231,faceit.com
4232,getgrass.io
4233,al.com
4234,awsapps.com
4235,fws.gov
4236,haproxyedge.net
4237,grubhub.com
4238,atptour.com
4239,nur.kz
4240,cfr.org
4241,toyokeizai.net
4242,bezeqint.net
4243,chumbacasino.com
4244,pixlr.com
4245,mercadolibre.com.co
4246,braintreegateway.com
4247,travelpayouts.com
4248,ku42hjr2e.com
4249,kubiobuilder.com
4250,gwars.io
4251,setlist.fm
4252,ilfattoquotidiano.it
4253,helpme.net
4254,ameriprise.com
4255,poetryfoundation.org
4256,uts.edu.au
4257,travelocity.com
4258,sniffies.com
4259,nap.edu
4260,unwomen.org
4261,zoopla.co.uk
4262,leroymerlin.com
4263,liongard.com
4264,leeds.ac.uk
4265,rightworks.com
4266,care.com
4267,jigsawplanet.com
4268,medrxiv.org
4269,xg4ken.com
4270,momoshop.com.tw
4271,radissonhotels.com
4272,semana.com
4273,derwesten.de
4274,wallapop.com
4275,tv2.dk
4276,theporndude.com
4277,ucf.edu
4278,googlemail.com
4279,yoast.com
4280,yadro.ru
4281,icons8.com
4282,ally.com
4283,fu-berlin.de
4284,gao.gov
4285,sporcle.com
4286,aboutamazon.com
4287,szn.cz
4288,servidoresdns.net
4289,bhphotovideo.com
4290,wbur.org
4291,matomo.cloud
4292,menards.com
4293,championat.com
4294,codeforces.com
4295,gamer.com.tw
4296,xlgmedia.com
4297,artnet.com
4298,trip.com
4299,august.com
4300,sony.net
4301,imptracking.com
4302,eurogamer.net
4303,g2.com
4304,ilmessaggero.it
4305,airee.ru
4306,apkmirror.com
4307,liputan6.com
4308,t13.io
4309,bambuser.com
4310,flippingbook.com
4311,tokbox.com
4312,wolterskluwer.com
4313,abebooks.com
4314,pornone.com
4315,imtwjwoasak.com
4316,yaplakal.com
4317,pagina12.com.ar
4318,usaid.gov
4319,carriersignal.info
4320,alz.org
4321,apachetoday.com
4322,internalfb.com
4323,snapp.ir
4324,anyclip.com
4325,yektanet.com
4326,sportingbet.com
4327,goindigo.in
4328,b92.net
4329,ana.co.jp
4330,carrefour.fr
4331,opentext.com
4332,planetminecraft.com
4333,tuoitre.vn
4334,lavozdegalicia.es
4335,croc.ru
4336,nextdns.io
4337,webvisor.com
4338,sport1.de
4339,circleci.com
4340,lucky.net
4341,carvana.com
4342,unm.edu
4343,golang.org
4344,sync.com
4345,dealerinspire.com
4346,freeprivacypolicy.com
4347,headspace.com
4348,digitaljournal.com
4349,encyclopedia.com
4350,qodeinteractive.com
4351,wynk.in
4352,olympic.org
4353,tum.de
4354,slickstream.com
4355,simplisafe.com
4356,klikbca.com
4357,placed.com
4358,olx.ro
4359,xgroovy.com
4360,dataprivacyframework.gov
4361,prismic.io
4362,datatables.net
4363,optimumdesk.com
4364,authorize.net
4365,revjet.com
4366,cigna.com
4367,eapteka.ru
4368,owhealth.com
4369,thevirallist.com
4370,casio.com
4371,dnszi.com
4372,capital.fr
4373,superbet.com
4374,groww.in
4375,lancs.ac.uk
4376,boursorama.com
4377,haberturk.com
4378,theaustralian.com.au
4379,mako.co.il
4380,liteapks.com
4381,hani.co.kr
4382,o2.pl
4383,ngrok.io
4384,daraz.pk
4385,sleepnumber.com
4386,esri.com
4387,hrblock.com
4388,tube8.com
4389,uva.nl
4390,llnw.net
4391,rbc.ua
4392,zr.ru
4393,yinzcam.com
4394,exponea.com
4395,tampabay.com
4396,videosection.com
4397,bricklink.com
4398,retailmenot.com
4399,kcl.ac.uk
4400,mydlink.com
4401,nestle.com
4402,dailyrecord.co.uk
4403,thespruceeats.com
4404,tate.org.uk
4405,thenationalnews.com
4406,nhk.jp
4407,gate.io
4408,io.solutions
4409,fdown.net
4410,consentmanager.net
4411,wyze.com
4412,worldwildlife.org
4413,okko.tv
4414,lbl.gov
4415,login.gov
4416,tomtom.com
4417,txxx.com
4418,five9.com
4419,expobank.ru
4420,dndbeyond.com
4421,rug.nl
4422,quiknode.pro
4423,rocketcyber.com
4424,on.com
4425,kaggle.com
4426,reliefweb.int
4427,liverpoolecho.co.uk
4428,360.com
4429,inverse.com
4430,gotoresolve.com
4431,btttag.com
4432,in.gr
4433,eitaa.ir
4434,ifconfig.co
4435,freshservice.com
4436,solaredge.com
4437,transfermarkt.com
4438,hankyung.com
4439,geetest.com
4440,exblog.jp
4441,ag.gov.au
4442,webcontentassessor.com
4443,idc.com
4444,korrespondent.net
4445,nyaa.si
4446,namefind.com
4447,sharefile.com
4448,seagate.com
4449,questdiagnostics.com
4450,clinch.co
4451,peplink.com
4452,tf1info.fr
4453,funpavo.com
4454,blocket.se
4455,ibiblio.org
4456,pnc.com
4457,calm.com
4458,washingtonexaminer.com
4459,fanatics.com
4460,adspower.net
4461,gracenote.com
4462,uni-heidelberg.de
4463,igvita.com
4464,telus.com
4465,neogov.com
4466,f95zone.to
4467,4pda.to
4468,deviantart.net
4469,gcash.com
4470,telecinco.es
4471,notoldrb.monster
4472,francetravail.fr
4473,hk01.com
4474,brainyquote.com
4475,unixtools.org
4476,valuehost.ru
4477,skillshare.com
4478,bnf.fr
4479,technorati.com
4480,skyscrapercity.com
4481,firebaseapp.com
4482,narkive.com
4483,mendeley.com
4484,worldstarhiphop.com
4485,shb-sync.com
4486,sendinblue.com
4487,filmaffinity.com
4488,pitchfork.com
4489,nso.ru
4490,zakon.kz
4491,expressvpn.com
4492,c-span.org
4493,ilgiornale.it
4494,24tv.ua
4495,dana.id
4496,sumup.com
4497,sabah.com.tr
4498,bigthink.com
4499,arbeitsagentur.de
4500,macworld.com
4501,thrillist.com
4502,d0000d.com
4503,andbeyond.media
4504,louvre.fr
4505,libreoffice.org
4506,hostingradio.ru
4507,9apps.com
4508,kiwi.com
4509,mixi.jp
4510,getrockerbox.com
4511,rwth-aachen.de
4512,vkusvill.ru
4513,berlin.de
4514,pdst.fm
4515,whiterabbitpress.com
4516,lidl.de
4517,skylinewebcams.com
4518,kr-weathernews.com
4519,alltel24.ru
4520,pair.com
4521,dev.to
4522,boostmobile.com
4523,nobitex.ir
4524,hdsex.org
4525,codeplex.com
4526,logicmonitor.com
4527,4kporn.xxx
4528,univision.com
4529,csiro.au
4530,nykaa.com
4531,bol.io
4532,dnb.com
4533,imo.im
4534,allporncomic.com
4535,mail.com
4536,pornzog.com
4537,janitorai.com
4538,abplive.com
4539,meesho.com
4540,larepublica.pe
4541,acuityscheduling.com
4542,complex.com
4543,about.google
4544,zbporn.com
4545,xhamster3.com
4546,diy.com
4547,evidence.com
4548,futbol24.com
4549,eadaily.com
4550,copyright.gov
4551,sportsdirect.com
4552,manychat.com
4553,lavoixdunord.fr
4554,theonion.com
4555,fmb.la
4556,videojs.com
4557,mercadopago.com.ar
4558,archive.is
4559,ambito.com
4560,enphaseenergy.com
4561,nova.cz
4562,literotica.com
4563,euractiv.com
4564,webinar.ru
4565,trackjs.com
4566,fiu.edu
4567,uba.ar
4568,freelancer.com
4569,device9.com
4570,unibet.com
4571,adac.de
4572,earnest.com
4573,osano.com
4574,vxxx.com
4575,tpmn.io
4576,smartnews.com
4577,rpi.edu
4578,filimo.com
4579,aj2555.bid
4580,sbb.rs
4581,usercontent.goog
4582,avon.com
4583,host-food.ru
4584,myqnapcloud.com
4585,basalam.com
4586,rateyourmusic.com
4587,jiosaavn.com
4588,beeg.com
4589,torob.com
4590,spiceworks.com
4591,ebay.es
4592,lepoint.fr
4593,oxcs.net
4594,love4porn.com
4595,catchthemes.com
4596,solitaired.com
4597,unilad.com
4598,coub.com
4599,maine.gov
4600,jeuxvideo.com
4601,updaterecomended.com
4602,instapaper.com
4603,afr.com
4604,domestika.org
4605,northeastern.edu
4606,servetraff.com
4607,nic.uy
4608,icims.com
4609,isna.ir
4610,fancode.com
4611,game8.co
4612,ecwid.com
4613,obi.de
4614,bancointer.com.br
4615,kaufland.de
4616,uvic.ca
4617,ksu.edu.sa
4618,iaai.com
4619,immowelt.de
4620,hentaifox.com
4621,crazyporn.xxx
4622,project-limelight.com
4623,winzip.com
4624,overdrive.com
4625,currys.co.uk
4626,megogo.net
4627,simplecast.com
4628,pingdom.com
4629,capterra.com
4630,forexfactory.com
4631,kmart.com.au
4632,zedge.net
4633,axs.com
4634,irecommend.ru
4635,mobshark.net
4636,avianca.com
4637,uipath.com
4638,bl.uk
4639,gimkit.com
4640,jpmorgan.com
4641,statnews.com
4642,bitcoin.org
4643,1cbit.ru
4644,squadhelp.com
4645,ok.xxx
4646,qiita.com
4647,falabella.com
4648,cardinalcommerce.com
4649,countryliving.com
4650,housecallpro.com
4651,pushlycdn.com
4652,njav.tv
4653,movavi.com
4654,timesunion.com
4655,rogers.com
4656,torrid.com
4657,impress.co.jp
4658,covers.com
4659,takealot.com
4660,ecu.edu
4661,globe.com.ph
4662,cifraclub.com.br
4663,kuleuven.be
4664,dropboxstatic.com
4665,topwar.ru
4666,tpmn.co.kr
4667,ceneo.pl
4668,acint.net
4669,speakerdeck.com
4670,storeland.ru
4671,openlibrary.org
4672,income.com.sg
4673,ntv.com.tr
4674,us.org
4675,tui.co.uk
4676,nghttp2.org
4677,frontapp.com
4678,retailrocket.ru
4679,centurygame.com
4680,helpscout.net
4681,kik.com
4682,kabum.com.br
4683,iol.co.za
4684,tistory.com
4685,bonappetit.com
4686,elcorreo.com
4687,s2517.com
4688,rtvslo.si
4689,uadns.com
4690,medicalxpress.com
4691,mumsnet.com
4692,colorado.gov
4693,britishmuseum.org
4694,cargocollective.com
4695,caf.fr
4696,funda.nl
4697,impactradius-event.com
4698,dhnet.be
4699,fuckmoral.com
4700,newcastle.edu.au
4701,cra.cz
4702,marvel.com
4703,spmtelecom.com
4704,faberlic.com
4705,hitta.se
4706,indiewire.com
4707,delish.com
4708,passeidireto.com
4709,ashemaletube.com
4710,planalto.gov.br
4711,zuora.com
4712,smartape.ru
4713,syndigo.com
4714,beget.tech
4715,jnj.com
4716,onedio.com
4717,boxofficemojo.com
4718,nseindia.com
4719,pluralsight.com
4720,bitchute.com
4721,tchibo.de
4722,radio-canada.ca
4723,equifax.com
4724,wnt-some-push.net
4725,bp.com
4726,very.co.uk
4727,credly.com
4728,fourseasons.com
4729,thanhnien.vn
4730,liverpool.com.mx
4731,csod.com
4732,news.ru
4733,overclockers.ru
4734,ghanaweb.com
4735,activehosted.com
4736,daraz.com.bd
4737,mql5.com
4738,bmwgroup.com
4739,phpmyadmin.net
4740,zdbb.net
4741,americanas.com.br
4742,morganstanley.com
4743,weathernews.jp
4744,blibli.com
4745,ledauphine.com
4746,motortrend.com
4747,cloudez.io
4748,onthemarket.com
4749,gmxvmvptfm.com
4750,blaze1.space
4751,oneindia.com
4752,articulate.com
4753,anime-planet.com
4754,aws.com
4755,vix.com
4756,cdbaby.com
4757,swr.de
4758,yamaha.com
4759,bet7k.com
4760,gunbroker.com
4761,chronicle.com
4762,urbanint.net
4763,xunlei.com
4764,sheknows.com
4765,pornhat.com
4766,themeansar.com
4767,huffingtonpost.es
4768,asana.biz
4769,babycenter.com
4770,123rf.com
4771,carrierzone.com
4772,sport-express.ru
4773,ssyoutube.com
4774,anota.ai
4775,google.org
4776,wordstream.com
4777,yengo.com
4778,kumparan.com
4779,seloger.com
4780,estrelabet.com
4781,techopedia.com
4782,is.fi
4783,journaldemontreal.com
4784,costco.ca
4785,trusteer.com
4786,zoneedit.com
4787,mpsuadv.ru
4788,site123.me
4789,money.pl
4790,freecodecamp.org
4791,louisvuitton.com
4792,l-tike.com
4793,coveo.com
4794,letelegramme.fr
4795,javatpoint.com
4796,unodc.org
4797,medicare.gov
4798,hkjc.com
4799,tpgi.com.au
4800,muni.cz
4801,ricoh.com
4802,tz.de
4803,sacbee.com
4804,idntimes.com
4805,aappublications.org
4806,vanityfair.it
4807,2dehands.be
4808,hotwire.com
4809,cnstrc.com
4810,tutsplus.com
4811,iloveimg.com
4812,openedition.org
4813,catchon.com
4814,ezoic.net
4815,irctc.co.in
4816,crisp.chat
4817,telemundo.com
4818,carsales.com.au
4819,cmail20.com
4820,cian.ru
4821,uwo.ca
4822,sdn.cz
4823,owasp.org
4824,slgnt.eu
4825,okdiario.com
4826,nanoleaf.me
4827,nab.com.au
4828,myharmony.com
4829,obsproject.com
4830,empik.com
4831,resetera.com
4832,slidesgo.com
4833,liveramp.com
4834,cbsi.com
4835,secondlife.com
4836,appleinsider.com
4837,vonage.com
4838,littlecdn.com
4839,plannedparenthood.org
4840,abcp.ru
4841,dns-diy.net
4842,omny.fm
4843,hku.hk
4844,active.com
4845,ionos.com
4846,reverb.com
4847,ilsole24ore.com
4848,journaldesfemmes.fr
4849,pearltrees.com
4850,hs-sites.com
4851,kb4compliance.com
4852,goodporn.to
4853,bandlab.com
4854,revolut.com
4855,allmusic.com
4856,rtbhouse.com
4857,getresponse.com
4858,jsonline.com
4859,zenodo.org
4860,goibibo.com
4861,zg-api.com
4862,karnataka.gov.in
4863,huutokaupat.com
4864,sponichi.co.jp
4865,detroitnews.com
4866,skynewsarabia.com
4867,html5up.net
4868,adme.media
4869,tvspielfilm.de
4870,runescape.wiki
4871,delaware.gov
4872,delfi.ee
4873,blesk.cz
4874,officedepot.com
4875,neopets.com
4876,heraldo.es
4877,5ch.net
4878,onepeloton.com
4879,express.de
4880,twitcasting.tv
4881,sejda.com
4882,codecanyon.net
4883,proxysite.com
4884,azbyka.ru
4885,cumhuriyet.com.tr
4886,bms.com
4887,hackernoon.com
4888,palmettostatearmory.com
4889,navyfederal.org
4890,noip.com
4891,91mobiles.com
4892,tradeinn.com
4893,jagran.com
4894,g5e.com
4895,visual.ly
4896,spotim.market
4897,buyee.jp
4898,leprogres.fr
4899,humblebundle.com
4900,diamond.jp
4901,sendspace.com
4902,datacamp.com
4903,hudl.com
4904,travian.com
4905,decathlon.fr
4906,dunelm.com
4907,nrich.ai
4908,narrative.io
4909,mydramalist.com
4910,midasbuy.com
4911,minepi.com
4912,zerodha.com
4913,typing.com
4914,geneanet.org
4915,edmentum.com
4916,gulfnews.com
4917,potterybarn.com
4918,iherb.com
4919,audacy.com
4920,ipsos.com
4921,wholefoodsmarket.com
4922,tasteofhome.com
4923,lookout.com
4924,httpwg.org
4925,sanity.io
4926,iplt20.com
4927,heute.at
4928,business2community.com
4929,ensonhaber.com
4930,tuasaude.com
4931,dextools.io
4932,rferl.org
4933,aweber.com
4934,pirat.one
4935,carrefour.es
4936,netcore.co.in
4937,ip.tv
4938,sportschau.de
4939,mrmserve.com
4940,helpguide.org
4941,toptal.com
4942,clck.ru
4943,bunshun.jp
4944,thermofisher.com
4945,bseindia.com
4946,kff.org
4947,wakelet.com
4948,stradivarius.com
4949,pix.pub
4950,hashicorp.com
4951,hextom.com
4952,virginmedia.com
4953,todamateria.com.br
4954,wooga.com
4955,vtex.com
4956,springeropen.com
4957,pm52.ru
4958,hdporncomics.com
4959,warframe.com
4960,fragrantica.com
4961,prothomalo.com
4962,suara.com
4963,smythstoys.com
4964,gamma.app
4965,neal.fun
4966,olark.com
4967,eleadcrm.com
4968,famousbirthdays.com
4969,hna.de
4970,tn.com.ar
4971,pdfdrive.com
4972,gofile.io
4973,rtbf.be
4974,thairath.co.th
4975,audioeye.com
4976,turkcell.com.tr
4977,swissinfo.ch
4978,careerbuilder.com
4979,qatarairways.com
4980,fonts.net
4981,yaklass.ru
4982,natalie.mu
4983,upornia.com
4984,manoramaonline.com
4985,walesonline.co.uk
4986,ifixit.com
4987,rawstory.com
4988,famatech.com
4989,biobiochile.cl
4990,pansy.pw
4991,ruten.com.tw
4992,on3.com
4993,bookshop.org
4994,upday.com
4995,videa.hu
4996,windguru.cz
4997,vrtcal.com
4998,sainsburys.co.uk
4999,thevoicemag.ru
5000,learnosity.com
5001,cmail19.com
5002,ukrainealarm.com
5003,arenabg.com
5004,dior.com
5005,blackrussia.online
5006,origo.hu
5007,futurecdn.net
5008,uxfeedback.ru
5009,pcpartpicker.com
5010,bajajfinserv.in
5011,mandrillapp.com
5012,uitm.edu.my
5013,ocregister.com
5014,newsday.com
5015,enjoei.com.br
5016,pracuj.pl
5017,refined.site
5018,ultipro.com
5019,peakgames.net
5020,gmw.cn
5021,rule34.us
5022,ilex.by
5023,cnews.fr
5024,unian.ua
5025,nrdc.org
5026,airbnb.fr
5027,twitpic.com
5028,webmotors.com.br
5029,nfpa.org
5030,jagranjosh.com
5031,espn.com.br
5032,nami.org
5033,manyvids.com
5034,heroeswm.ru
5035,akc.org
5036,torn.com
5037,krisha.kz
5038,poder360.com.br
5039,isipp.com
5040,versus.com
5041,adelement.com
5042,willhaben.at
5043,tripadvisor.com.br
5044,juicyads.com
5045,rocketnews24.com
5046,aafp.org
5047,tubesafari.com
5048,outsideonline.com
5049,fsf.org
5050,acsbapp.com
5051,youradchoices.ca
5052,homegate.ch
5053,ticketone.it
5054,truepeoplesearch.com
5055,ets.org
5056,zimperium.com
5057,asriran.com
5058,farming-simulator.com
5059,tvbs.com.tw
5060,linkvertise.com
5061,survata.com
5062,tengrinews.kz
5063,camwhores.tv
5064,thuvienphapluat.vn
5065,maurices.com
5066,stihi.ru
5067,usdoj.gov
5068,ebanx.com
5069,telone.co.zw
5070,olx.in
5071,heavy-r.com
5072,picrew.me
5073,gelderlander.nl
5074,anysex.com
5075,zegocloud.com
5076,transfermarkt.de
5077,chunichi.co.jp
5078,halodoc.com
5079,reserved.com
5080,msport.com
5081,blacknight.com
5082,aktuality.sk
5083,turkishairlines.com
5084,grandstream.com
5085,digiseller.ru
5086,inria.fr
5087,vseigru.net
5088,amazon.jobs
5089,vaticannews.va
5090,horoscope.com
5091,lavoz.com.ar
5092,ifood.tv
5093,etoro.com
5094,relay.school
5095,kubernetes.io
5096,world4you.at
5097,shop-apotheke.com
5098,skorozvon.ru
5099,digitalspy.com
5100,dream11.com
5101,3movs.com
5102,netvigator.com
5103,sisal.it
5104,towardsdatascience.com
5105,versatel.de
5106,u2e6ch9iyx.com
5107,teenvogue.com
5108,nulls.gg
5109,dlink.com
5110,maariv.co.il
5111,r-project.org
5112,jfjle4g5l.com
5113,vi.net
5114,colaboraread.com.br
5115,ccleaner.com
5116,myon.com
5117,businessnewsdaily.com
5118,cambro.tv
5119,tycsports.com
5120,mattel.com
5121,idealista.pt
5122,xszpuvwr7.com
5123,matrixcare.com
5124,astro.com
5125,fareharbor.com
5126,tcd.ie
5127,dotloop.com
5128,portfolio.hu
5129,apkcombo.com
5130,observador.pt
5131,ku.dk
5132,blurb.com
5133,pro32connect.ru
5134,femmeactuelle.fr
5135,pictoa.com
5136,infoworld.com
5137,fmoviesz.to
5138,sporza.be
5139,dpreview.com
5140,gbnews.com
5141,growthbook.io
5142,theme-fusion.com
5143,poringa.net
5144,hentaihaven.xxx
5145,kufar.by
5146,afp.ai
5147,decolar.com
5148,vudu.com
5149,2k.com
5150,windowsazure.com
5151,stripecdn.com
5152,seriouseats.com
5153,24.hu
5154,adjarabet.am
5155,rokna.net
5156,sc.edu
5157,sudinfo.be
5158,core.ac.uk
5159,github.blog
5160,fortnitetracker.com
5161,slack-imgs.com
5162,postermywall.com
5163,donya-e-eqtesad.com
5164,climatempo.com.br
5165,sezzle.com
5166,starhit.ru
5167,cdn-net.com
5168,tarafdari.com
5169,blogspot.in
5170,picuki.com
5171,lemonpi.io
5172,7tv.app
5173,languagetoolplus.com
5174,uem.mz
5175,bidlab.ai
5176,roll20.net
5177,pushd.com
5178,epicurious.com
5179,censor.net
5180,laodong.vn
5181,computrabajo.com
5182,vedantu.com
5183,googlecode.com
5184,matalan.co.uk
5185,hornbach.de
5186,boomplay.com
5187,bc.edu
5188,kemdikbud.go.id
5189,dellsupportcenter.com
5190,ancestry.co.uk
5191,sextb.net
5192,microsoft.net
5193,24sata.hr
5194,tienphong.vn
5195,liveworksheets.com
5196,csfd.cz
5197,proper.io
5198,fanfox.net
5199,nola.com
5200,serpro.gov.br
5201,cc.com
5202,musinsa.com
5203,olhardigital.com.br
5204,hdzog.com
5205,diabetes.org
5206,pornkai.com
5207,vhlcentral.com
5208,novosti.rs
5209,porntrex.com
5210,a.co
5211,investors.com
5212,stardewvalleywiki.com
5213,markt.de
5214,sondakika.com
5215,sportmail.ru
5216,navitime.co.jp
5217,usvisa-info.com
5218,audiomack.com
5219,wikimapia.org
5220,unisa.ac.za
5221,adevarul.ro
5222,txxx.tube
5223,jc-gs.com
5224,housing.com
5225,mangabuff.ru
5226,ngl.link
5227,jorudan.co.jp
5228,thewrap.com
5229,tsa.gov
5230,glassdoor.co.in
5231,flexwebhosting.nl
5232,ewg.org
5233,fitgirl-repacks.site
5234,ad-stir.com
5235,nzz.ch
5236,prodoctorov.ru
5237,eurosport.fr
5238,tori.fi
5239,mercadolibre.com.ve
5240,bestsecret.com
5241,ricardo.ch
5242,claro.com.ar
5243,hentaiera.com
5244,tcl.com
5245,shein.com.mx
5246,rp-online.de
5247,worldatlas.com
5248,ou.edu
5249,malaysiakini.com
5250,curbed.com
5251,dennikn.sk
5252,vjav.com
5253,anix.to
5254,eksisozluk.com
5255,racingpost.com
5256,elo7.com.br
5257,ivanti.com
5258,masterclass.com
5259,erothots.co
5260,nodacdn.net
5261,adorocinema.com
5262,siftscience.com
5263,boardgamearena.com
5264,javhdporn.net
5265,xxxshake.com
5266,inquirer.net
5267,band.us
5268,cmjornal.pt
5269,bigbadtoystore.com
5270,jizzberry.com
5271,tsdtocl.com
5272,autoblog.com
5273,9f.com
5274,mangafire.to
5275,futurism.com
5276,idealmedia.io
5277,manganato.com
5278,rtbsystem.com
5279,bhaskar.com
5280,sbicard.com
5281,mini.de
5282,se.pl
5283,starwars.com
5284,starplus.com
5285,vagas.com.br
5286,fussball.de
5287,foundationapi.com
5288,irancell.ir
5289,vultr.com
5290,waplog.com
5291,bluecore.com
5292,centurylink.net
5293,author.today
5294,hsbc.com
5295,zoznam.sk
5296,cafef.vn
5297,jabra.com
5298,zoomit.ir
5299,tubev.sex
5300,demonii.com
5301,urdupoint.com
5302,sun-sentinel.com
5303,nla.gov.au
5304,manganelo.com
5305,nextersglobal.com
5306,tokyvideo.com
5307,stamped.io
5308,splashthat.com
5309,boots.com
5310,janeapp.com
5311,aaccgames.com
5312,rotowire.com
5313,smtp2go.com
5314,hamariweb.com
5315,fakt.pl
5316,pornhoarder.tv
5317,zalando.pl
5318,sex-studentki.video
5319,privateinternetaccess.com
5320,iaea.org
5321,toongod.org
5322,bet9ja.com
5323,lindependant.fr
5324,ole.com.ar
5325,tabnak.ir
5326,gbooking.ru
5327,nypl.org
5328,meshok.net
5329,fpo.xxx
5330,alibaba.ir
5331,namebright.com
5332,coppel.com
5333,androidpolice.com
5334,symfony.com
5335,fararu.com
5336,digi24.ro
5337,manhwatop.com
5338,topuniversities.com
5339,gaana.com
5340,libertatea.ro
5341,gaymaletube.com
5342,adam4adam.com
5343,atera.com
5344,subway.com
5345,indianrail.gov.in
5346,wien.gv.at
5347,grandviewresearch.com
5348,temple.edu
5349,piwik.pro
5350,collegedunia.com
5351,vewd.com
5352,autoevolution.com
5353,giallozafferano.it
5354,vivaldi.com
5355,sudoku.com
5356,infojobs.com.br
5357,purestorage.com
5358,inbox.lv
5359,haproxy.com
5360,filmix.biz
5361,gyazo.com
5362,therapservices.net
5363,dvrlists.com
5364,bsky.app
5365,redwap-xxx.com
5366,hsn.com
5367,3hentai.net
5368,fnn.jp
5369,kit.edu
5370,footmercato.net
5371,wn.com
5372,telex.hu
5373,h74v6kerf.com
5374,mangabat.com
5375,businessinsider.com.pl
5376,yellowpages.com
5377,swiss.com
5378,hentaicity.com
5379,leroymerlin.com.br
5380,commonlit.org
